-- MySQL dump 10.13  Distrib 5.6.28, for Linux (x86_64)
--
-- Host: localhost    Database: mydb
-- ------------------------------------------------------
-- Server version	5.6.28

/*!40101 SET @OLD_CHARACTER_SET_CLIENT=@@CHARACTER_SET_CLIENT */;
/*!40101 SET @OLD_CHARACTER_SET_RESULTS=@@CHARACTER_SET_RESULTS */;
/*!40101 SET @OLD_COLLATION_CONNECTION=@@COLLATION_CONNECTION */;
/*!40101 SET NAMES utf8 */;
/*!40103 SET @OLD_TIME_ZONE=@@TIME_ZONE */;
/*!40103 SET TIME_ZONE='+00:00' */;
/*!40014 SET @OLD_UNIQUE_CHECKS=@@UNIQUE_CHECKS, UNIQUE_CHECKS=0 */;
/*!40014 SET @OLD_FOREIGN_KEY_CHECKS=@@FOREIGN_KEY_CHECKS, FOREIGN_KEY_CHECKS=0 */;
/*!40101 SET @OLD_SQL_MODE=@@SQL_MODE, SQL_MODE='NO_AUTO_VALUE_ON_ZERO' */;
/*!40111 SET @OLD_SQL_NOTES=@@SQL_NOTES, SQL_NOTES=0 */;

--
-- Table structure for table `acts_proc`
--

DROP TABLE IF EXISTS `acts_proc`;
/*!40101 SET @saved_cs_client     = @@character_set_client */;
/*!40101 SET character_set_client = utf8 */;
CREATE TABLE `acts_proc` (
  `pID` smallint(6) NOT NULL,
  `Description` varchar(45) NOT NULL,
  `num_Sub_items` smallint(6) NOT NULL,
  `Action_type` smallint(6) NOT NULL,
  PRIMARY KEY (`pID`)
) ENGINE=InnoDB DEFAULT CHARSET=utf8;
/*!40101 SET character_set_client = @saved_cs_client */;

--
-- Dumping data for table `acts_proc`
--

LOCK TABLES `acts_proc` WRITE;
/*!40000 ALTER TABLE `acts_proc` DISABLE KEYS */;
INSERT INTO `acts_proc` VALUES (1,'admit [passive verb.]',20,0),(2,'alter',16,9),(3,'apply',6,1),(4,'assignment',11,5),(5,'associate',4,0),(6,'attend',11,5),(7,'attenuate',1,9),(8,'be',7,10),(9,'belong',8,9),(10,'build',8,5),(11,'carry',5,1),(12,'cause',4,5),(13,'choose',8,6),(14,'connote',2,7),(15,'continue',2,5),(16,'control',2,3),(17,'convene',6,5),(18,'cover',6,0),(19,'deposit',2,0),(20,'detail',2,1),(21,'direct',18,3),(22,'disappoint',6,9),(23,'dispose',18,5),(24,'disregard',8,8),(25,'dissipate',2,5),(26,'do',10,0),(27,'draw',4,6),(28,'emanate',2,0),(29,'emphasize',4,8),(30,'endow',2,1),(31,'engross',2,5),(32,'en-station',6,2),(33,'establish',4,8),(34,'exchange',8,0),(35,'expect',2,8),(36,'expire',2,5),(37,'exude',2,2),(38,'feature',2,2),(39,'figure',4,8),(40,'finish',2,5),(41,'fit',8,6),(42,'flatten',2,9),(43,'fold',10,8),(44,'follow',8,3),(45,'forget',2,8),(46,'fulfill',10,5),(47,'furnish',2,8),(48,'give',38,1),(49,'go',12,6),(50,'happen',9,5),(51,'help',24,5),(52,'hold',4,0),(53,'identify',4,1),(54,'illustrate',13,2),(55,'impair',31,5),(56,'impend',2,7),(57,'implement',2,3),(58,'infiltrate',6,5),(59,'influence',6,5),(60,'insinuate',2,8),(61,'instill',2,5),(62,'instate',2,0),(63,'irk',20,4),(64,'judge',3,2),(65,'justify',3,8),(66,'keep',4,0),(67,'know',15,3),(68,'last',2,7),(69,'lead',2,6),(70,'lessen',8,5),(71,'limit',6,9),(72,'live',2,8),(73,'obligate',4,7),(74,'obscure',2,4),(75,'occupy',2,8),(76,'open',6,5),(77,'order',4,3),(78,'orient',4,4),(79,'overlook',6,9),(80,'pass',2,5),(81,'peal',4,5),(82,'perform',2,5),(83,'place',15,5),(84,'place request',7,2),(85,'please',14,6),(86,'preserve',16,1),(87,'deliver',8,5),(88,'provide over',15,5),(89,'redeem',2,0),(90,'relent',2,4),(91,'reorient',2,9),(92,'replicate',2,1),(93,'represent',34,1),(94,'reprimand',2,8),(95,'reserve',3,5),(96,'respond',32,2),(97,'retract',34,5),(98,'rip',10,5),(99,'inspect',9,5),(100,'cut',8,5),(101,'settle',6,0),(102,'commit',16,4),(103,'oppose',6,5),(104,'disrespect',7,8),(105,'relying',9,5);
/*!40000 ALTER TABLE `acts_proc` ENABLE KEYS */;
UNLOCK TABLES;

--
-- Table structure for table `acts_proc0`
--

DROP TABLE IF EXISTS `acts_proc0`;
/*!40101 SET @saved_cs_client     = @@character_set_client */;
/*!40101 SET character_set_client = utf8 */;
CREATE TABLE `acts_proc0` (
  `pID` smallint(6) NOT NULL,
  `Description` varchar(45) NOT NULL,
  `num_Sub_items` smallint(6) NOT NULL,
  `nextID` smallint(6) DEFAULT NULL,
  `futActInd` tinyint(4) NOT NULL,
  `Action_type` smallint(6) NOT NULL,
  PRIMARY KEY (`Description`)
) ENGINE=InnoDB DEFAULT CHARSET=utf8;
/*!40101 SET character_set_client = @saved_cs_client */;

--
-- Dumping data for table `acts_proc0`
--

LOCK TABLES `acts_proc0` WRITE;
/*!40000 ALTER TABLE `acts_proc0` DISABLE KEYS */;
INSERT INTO `acts_proc0` VALUES (23,'abandon',0,NULL,0,5),(23,'abandoning',0,NULL,0,5),(70,'abate',0,NULL,0,5),(70,'abating',0,NULL,0,5),(59,'able to restrain',0,NULL,0,5),(97,'abscond',0,NULL,0,5),(97,'absconding',0,NULL,0,5),(104,'abuse',0,NULL,0,8),(104,'abusing',0,NULL,0,8),(23,'accede',0,NULL,0,5),(23,'acceding',0,NULL,0,5),(1,'accept',0,NULL,0,0),(1,'accepting',0,NULL,0,0),(44,'accompany',0,NULL,0,3),(44,'accompanying',0,NULL,0,3),(54,'accredit',0,NULL,0,2),(54,'accreditation',0,NULL,0,2),(96,'acknowledge',4,5,0,2),(2,'adapt',0,NULL,0,9),(2,'adapting',0,NULL,0,9),(48,'add',0,NULL,0,1),(48,'adding',0,NULL,0,1),(6,'address',0,NULL,0,5),(6,'addressing',0,NULL,0,5),(2,'adjust',0,NULL,0,9),(2,'adjusting',0,NULL,0,9),(1,'admit',0,NULL,0,0),(1,'admitting',0,NULL,0,0),(1,'agree',0,NULL,0,0),(1,'agree with',0,NULL,0,0),(1,'agreeing',0,NULL,0,0),(1,'agreeing with',0,NULL,0,0),(21,'align',0,NULL,0,3),(21,'aligning',0,NULL,0,3),(21,'alleviate',0,NULL,0,3),(21,'alleviating',0,NULL,0,3),(21,'allocate',0,NULL,0,3),(21,'allocating',0,NULL,0,3),(21,'allocation',0,NULL,0,3),(2,'alter',0,NULL,0,9),(2,'altering',0,NULL,0,9),(8,'am',0,NULL,0,10),(96,'amuse',0,NULL,0,2),(96,'amusing',0,NULL,0,2),(83,'annex',0,NULL,0,5),(83,'annexing',0,NULL,0,5),(63,'antagonize',0,NULL,0,4),(63,'antagonizing',0,NULL,0,4),(96,'anticipate',0,NULL,0,2),(85,'appease',0,NULL,0,6),(85,'appeasing',0,NULL,0,6),(3,'application',0,NULL,0,1),(3,'apply',0,NULL,0,1),(3,'applying',0,NULL,0,1),(83,'apportion',0,NULL,0,5),(83,'apportioning',0,NULL,0,5),(8,'are',0,NULL,0,10),(10,'assemble',0,NULL,0,5),(10,'assembling',0,NULL,0,5),(4,'assign',0,NULL,0,5),(4,'assigning',0,NULL,0,5),(4,'assignment',0,NULL,0,5),(51,'assist',0,NULL,0,5),(51,'assisting',0,NULL,0,5),(5,'associate',0,NULL,0,0),(5,'associating',0,NULL,0,0),(102,'assurance',0,NULL,0,4),(102,'assure',0,NULL,0,4),(102,'assuring',0,NULL,0,4),(6,'attend',0,NULL,0,5),(6,'attending',0,NULL,0,5),(7,'attenuate',0,NULL,0,9),(63,'attract concern',0,NULL,0,4),(63,'attracting concern',0,NULL,0,4),(4,'attribute',0,NULL,0,5),(4,'attributing',0,NULL,0,5),(2,'augment',0,NULL,0,9),(2,'augmenting',0,NULL,0,9),(51,'avail',0,NULL,0,5),(51,'availing',0,NULL,0,5),(8,'be',0,NULL,0,10),(67,'be aware of',0,NULL,0,3),(9,'be included',0,NULL,0,9),(85,'be kind',0,NULL,0,6),(22,'be not good enough',0,NULL,0,9),(97,'be off',0,NULL,0,5),(55,'be off target',0,NULL,0,5),(50,'become',0,NULL,1,5),(50,'becoming',0,NULL,1,5),(8,'being',0,NULL,0,10),(67,'being aware of',0,NULL,0,3),(9,'being include',0,NULL,0,9),(85,'being kind',0,NULL,0,6),(22,'being not good enough',0,NULL,0,9),(97,'being off',0,NULL,0,5),(55,'being off target',0,NULL,0,5),(55,'beleaguer',0,NULL,0,5),(55,'beleaguering',0,NULL,0,5),(105,'believe',0,NULL,0,5),(105,'believing',0,NULL,0,5),(9,'belong',0,NULL,0,9),(9,'belonging',0,NULL,0,9),(97,'bend',0,NULL,0,5),(97,'bending',0,NULL,0,5),(63,'bother',0,NULL,0,4),(63,'bothering',0,NULL,0,4),(58,'break in',0,NULL,0,5),(58,'breaking in',0,NULL,0,5),(63,'bring attention to',0,NULL,0,4),(93,'bring commentary',0,NULL,0,1),(87,'bring though',0,NULL,0,5),(63,'bringing attention to',0,NULL,0,4),(93,'bringing commentary',0,NULL,0,1),(87,'bringing though',0,NULL,0,5),(10,'build',0,NULL,0,5),(10,'building',0,NULL,0,5),(51,'calm',0,NULL,0,5),(51,'calming',0,NULL,0,5),(39,'can',0,NULL,0,8),(48,'care for',6,2,0,1),(11,'carry',0,NULL,0,1),(26,'carry through',0,NULL,0,0),(11,'carrying',0,NULL,0,1),(26,'carrying through',0,NULL,0,0),(12,'cause',0,NULL,0,5),(12,'causing',0,NULL,0,5),(2,'change',0,NULL,0,9),(2,'change a component',0,NULL,0,9),(2,'changing',0,NULL,0,9),(99,'check',0,NULL,0,5),(99,'checking',0,NULL,0,5),(13,'choose',0,NULL,0,6),(13,'choosing',0,NULL,0,6),(100,'chop',0,NULL,0,5),(100,'chopping',0,NULL,0,5),(98,'claw',0,NULL,0,5),(98,'clawing',0,NULL,0,5),(49,'come',0,NULL,0,6),(49,'coming',0,NULL,0,6),(77,'command',0,NULL,0,3),(77,'commanding',0,NULL,0,3),(102,'commit',0,NULL,0,4),(102,'commiting',0,NULL,0,4),(102,'commitment',0,NULL,0,4),(70,'compact',0,NULL,0,5),(70,'compacting',0,NULL,0,5),(5,'compare',0,NULL,0,0),(5,'comparing',0,NULL,0,0),(5,'comparison',0,NULL,0,0),(1,'compensate',0,NULL,0,0),(1,'compensating',0,NULL,0,0),(51,'complement',0,NULL,0,5),(51,'complementing',0,NULL,0,5),(46,'complete',0,NULL,0,5),(46,'completing',0,NULL,0,5),(67,'comprehend',0,NULL,0,3),(55,'compromise',0,NULL,0,5),(55,'compromising',0,NULL,0,5),(93,'conceive',0,NULL,0,1),(93,'conceiving',0,NULL,0,1),(93,'conception',0,NULL,0,1),(93,'conceptualize',0,NULL,0,1),(93,'conceptualizing',0,NULL,0,1),(55,'confine',0,NULL,0,5),(55,'confining',0,NULL,0,5),(102,'confirm',0,NULL,0,4),(102,'confirmation',0,NULL,0,4),(102,'confirming',0,NULL,0,4),(14,'connote',0,NULL,0,7),(14,'connoting',0,NULL,0,7),(86,'conserve',0,NULL,0,1),(86,'conserving',0,NULL,0,1),(51,'console',0,NULL,0,5),(51,'consoling',0,NULL,0,5),(88,'constitute',0,NULL,0,5),(88,'constituting',0,NULL,0,5),(15,'continue',0,NULL,1,5),(15,'continuing',0,NULL,1,5),(54,'contrast',0,NULL,0,2),(54,'contrasting',0,NULL,0,2),(48,'contribute',0,NULL,0,1),(48,'contributing',0,NULL,0,1),(16,'control',0,NULL,0,3),(16,'controlling',0,NULL,0,3),(17,'convene',0,NULL,0,5),(17,'convening',0,NULL,0,5),(4,'convoke',0,NULL,0,5),(4,'convoking',0,NULL,0,5),(1,'cooperate',0,NULL,0,0),(1,'cooperating',0,NULL,0,0),(51,'correct',0,NULL,0,5),(51,'correcting',0,NULL,0,5),(39,'could',0,NULL,0,8),(1,'counter',0,NULL,0,0),(1,'countering',0,NULL,0,0),(18,'cover',0,NULL,0,0),(93,'cover a detail',0,NULL,0,1),(18,'covering',0,NULL,0,0),(93,'covering detail',0,NULL,0,1),(43,'crease',0,NULL,0,8),(43,'creasing',0,NULL,0,8),(93,'create',0,NULL,0,1),(93,'creating',0,NULL,0,1),(43,'crumple',0,NULL,0,8),(43,'crumpling',0,NULL,0,8),(100,'cut',0,NULL,0,5),(100,'cut into portion',0,NULL,0,5),(100,'cutting into portion',0,NULL,0,5),(48,'deal',0,NULL,0,1),(48,'dealing',0,NULL,0,1),(13,'decide',0,NULL,0,6),(13,'deciding',0,NULL,0,6),(93,'define',0,NULL,0,1),(93,'defining',0,NULL,0,1),(93,'definition',0,NULL,0,1),(24,'defy',0,NULL,0,8),(24,'defying',0,NULL,0,8),(87,'deliver',0,NULL,0,5),(87,'delivering',0,NULL,0,5),(84,'demand',0,NULL,0,2),(84,'demanding',0,NULL,0,2),(93,'demonstrate',0,NULL,0,1),(93,'demonstrating',0,NULL,0,1),(93,'demonstration',0,NULL,0,1),(97,'depart',0,NULL,0,5),(97,'departing',0,NULL,0,5),(97,'departure',0,NULL,0,5),(93,'depict',0,NULL,0,1),(93,'depicting',0,NULL,0,1),(93,'depiction',0,NULL,0,1),(19,'deposit',0,NULL,0,0),(19,'depositing',0,NULL,0,0),(4,'designate',0,NULL,0,5),(4,'designating',0,NULL,0,5),(20,'detail',0,NULL,0,1),(20,'detailing',0,NULL,0,1),(55,'deter',0,NULL,0,5),(55,'deterring',0,NULL,0,5),(93,'devise',0,NULL,0,1),(93,'devising',0,NULL,0,1),(97,'digress',0,NULL,0,5),(97,'digressing',0,NULL,0,5),(21,'direct',0,NULL,0,3),(21,'directing',0,NULL,0,3),(21,'direction',0,NULL,0,3),(55,'disable',0,NULL,0,5),(55,'disabling',0,NULL,0,5),(22,'disappoint',0,NULL,0,9),(22,'disappointing',0,NULL,0,9),(23,'discard',0,NULL,0,5),(23,'discarding',0,NULL,0,5),(67,'discover',0,NULL,0,3),(67,'discovering',0,NULL,0,3),(24,'dismiss',0,NULL,0,8),(24,'dismissing',0,NULL,0,8),(48,'dispense',0,NULL,0,1),(48,'dispensing',0,NULL,0,1),(93,'display',0,NULL,0,1),(93,'displaying',0,NULL,0,1),(23,'dispose',0,NULL,0,5),(23,'disposing',0,NULL,0,5),(24,'disregard',0,NULL,0,8),(24,'disregarding',0,NULL,0,8),(104,'disrespect',0,NULL,0,8),(104,'disrespecting',0,NULL,0,8),(25,'dissipate',0,NULL,0,5),(25,'dissipating',0,NULL,0,5),(48,'distribute',0,NULL,0,1),(48,'distributing',0,NULL,0,1),(97,'diverge',0,NULL,0,5),(97,'diverging',0,NULL,0,5),(21,'divert',0,NULL,0,3),(97,'diverting',0,NULL,0,5),(26,'do',0,NULL,1,0),(85,'do a favor',0,NULL,0,6),(26,'doing',0,NULL,1,0),(85,'doing a favor',0,NULL,0,6),(27,'draw',0,NULL,0,6),(97,'draw back',0,NULL,0,5),(27,'drawing',0,NULL,0,6),(97,'drawing back',0,NULL,0,5),(51,'ease',0,NULL,0,5),(21,'easily arrange',0,NULL,0,3),(51,'easing',0,NULL,0,5),(28,'emanate',0,NULL,0,0),(28,'emanating',0,NULL,0,0),(29,'emphasize',0,NULL,0,8),(29,'emphasizing',0,NULL,0,8),(88,'enable',0,NULL,0,5),(88,'enabling',0,NULL,0,5),(59,'encourage',0,NULL,0,5),(59,'encouraging',0,NULL,0,5),(55,'encumber',0,NULL,0,5),(55,'encumbering',0,NULL,0,5),(102,'endeavor',0,NULL,0,4),(102,'endeavoring',0,NULL,0,4),(30,'endow',0,NULL,0,1),(30,'endowing',0,NULL,0,1),(31,'engross',0,NULL,0,5),(2,'enrich',0,NULL,0,9),(2,'enriching',0,NULL,0,9),(101,'ensconce',0,NULL,0,0),(101,'ensconcing',0,NULL,0,0),(18,'enshroud',0,NULL,0,0),(18,'enshrouding',0,NULL,0,0),(26,'enterprise',0,NULL,0,0),(26,'enterprising',0,NULL,0,0),(33,'establish',0,NULL,0,8),(33,'establishing',0,NULL,0,8),(34,'exchange',0,NULL,0,0),(34,'exchanging',0,NULL,0,0),(26,'exert',0,NULL,0,0),(26,'exerting',0,NULL,0,0),(93,'exhibit',0,NULL,0,1),(93,'exhibiting',0,NULL,0,1),(8,'exist',0,NULL,0,10),(8,'existing',0,NULL,0,10),(97,'exit',0,NULL,0,5),(97,'exiting',0,NULL,0,5),(35,'expect',0,NULL,0,8),(35,'expecting',0,NULL,0,8),(36,'expire',0,NULL,0,5),(36,'expiring',0,NULL,0,5),(76,'expose',0,NULL,0,5),(76,'exposing',0,NULL,0,5),(48,'express something',0,NULL,0,1),(48,'expressing something',0,NULL,0,1),(37,'exude',0,NULL,0,2),(37,'exuding',0,NULL,0,2),(1,'face',0,NULL,0,0),(1,'facing',0,NULL,0,0),(38,'feature',0,NULL,0,2),(38,'featuring',0,NULL,0,2),(96,'feel',0,NULL,0,2),(96,'feeling',0,NULL,0,2),(21,'fend',0,NULL,0,3),(21,'fending',0,NULL,0,3),(39,'figure',0,NULL,0,8),(39,'figuring',0,NULL,0,8),(48,'fill',6,3,0,1),(67,'find',0,NULL,0,3),(67,'finding',0,NULL,0,3),(40,'finish',0,NULL,0,5),(40,'finishing',0,NULL,0,5),(41,'fit',0,NULL,0,6),(41,'fitting',0,NULL,0,6),(42,'flatten',0,NULL,0,9),(42,'flattening',0,NULL,0,9),(97,'flee',0,NULL,0,5),(97,'fleeing',0,NULL,0,5),(43,'fold',0,NULL,0,8),(43,'folding',0,NULL,0,8),(44,'follow',0,NULL,0,3),(44,'following',0,NULL,0,3),(96,'foment',0,NULL,0,2),(96,'fomenting',0,NULL,0,2),(45,'forget',0,NULL,0,8),(45,'forgetting',0,NULL,0,8),(33,'found',0,NULL,0,8),(33,'founding',0,NULL,0,8),(46,'fulfill',0,NULL,0,5),(46,'fulfilling',0,NULL,0,5),(26,'function',0,NULL,0,0),(26,'functioning',0,NULL,0,0),(47,'furnish',0,NULL,0,8),(47,'furnishing',0,NULL,0,8),(58,'gain power',0,NULL,0,5),(58,'gaining power',0,NULL,0,5),(10,'generate',0,NULL,0,5),(10,'generating',0,NULL,0,5),(49,'get',0,NULL,1,6),(67,'get a concept',0,NULL,0,3),(78,'get a right perspective',0,NULL,0,4),(41,'get in',0,NULL,0,6),(23,'get rid of',0,NULL,0,5),(78,'get the right perspective',0,NULL,0,4),(49,'getting',0,NULL,1,6),(67,'getting a concept',0,NULL,0,3),(41,'getting in',0,NULL,0,6),(23,'getting rid of',0,NULL,0,5),(78,'getting the right perspective',0,NULL,0,4),(48,'give',0,NULL,0,1),(85,'give a favor',0,NULL,0,6),(34,'give back and forth',0,NULL,0,0),(88,'give thing',0,NULL,0,5),(88,'give things',0,NULL,0,5),(48,'giving',0,NULL,0,1),(85,'giving a favor',0,NULL,0,6),(34,'giving back and forth',0,NULL,0,0),(88,'giving thing',0,NULL,0,5),(88,'giving things',0,NULL,0,5),(96,'gloat',0,NULL,0,2),(96,'gloating',0,NULL,0,2),(96,'glower',0,NULL,0,2),(49,'go',0,NULL,0,6),(49,'go to somewhere',0,NULL,0,6),(49,'going',0,NULL,0,6),(49,'going to somewhere',0,NULL,0,6),(88,'grant',0,NULL,0,5),(88,'granting',0,NULL,0,5),(86,'guard',0,NULL,0,1),(86,'guarding',0,NULL,0,1),(21,'guide',0,NULL,0,3),(87,'guide and go forth',0,NULL,0,5),(21,'guiding',0,NULL,0,3),(87,'guiding and going forth',0,NULL,0,5),(98,'hack',0,NULL,0,5),(98,'hacking',0,NULL,0,5),(48,'hand over',0,NULL,0,1),(48,'handing over',0,NULL,0,1),(105,'hang on to',0,NULL,0,5),(105,'hanging on to',0,NULL,0,5),(50,'happen',0,NULL,1,5),(50,'happening',0,NULL,1,5),(50,'happens',0,NULL,0,5),(63,'harangue',0,NULL,0,4),(63,'haranguing',0,NULL,0,4),(9,'have a part of',0,NULL,0,9),(59,'have authority',0,NULL,0,5),(9,'have inclusiveness',0,NULL,0,9),(9,'having inclusiveness',0,NULL,0,9),(9,'having part of',0,NULL,0,9),(49,'head for',0,NULL,0,6),(49,'heading for',0,NULL,0,6),(51,'help',0,NULL,0,5),(88,'help supply',0,NULL,0,5),(51,'helping',0,NULL,0,5),(88,'helping supply',0,NULL,0,5),(97,'hide',0,NULL,0,5),(97,'hiding',0,NULL,0,5),(52,'hold',0,NULL,0,0),(71,'hold back',0,NULL,0,9),(86,'hold conditions',0,NULL,0,1),(52,'holding',0,NULL,0,0),(71,'holding back',0,NULL,0,9),(86,'holding conditions',0,NULL,0,1),(53,'identify',0,NULL,0,1),(53,'identifying',0,NULL,0,1),(24,'ignore',0,NULL,0,8),(24,'ignoring',0,NULL,0,8),(54,'illustrate',0,NULL,0,2),(54,'illustrating',0,NULL,0,2),(54,'illustration',0,NULL,0,2),(93,'imagination',0,NULL,0,1),(93,'imagine',0,NULL,0,1),(93,'imagining',0,NULL,0,1),(55,'impair',0,NULL,0,5),(55,'impairing',0,NULL,0,5),(55,'impedance',0,NULL,0,5),(55,'impede',0,NULL,0,5),(55,'impediment',0,NULL,0,5),(56,'impend',0,NULL,0,7),(56,'impending',0,NULL,0,7),(57,'implement',0,NULL,0,3),(4,'implicate',0,NULL,0,5),(4,'implicative',0,NULL,0,5),(29,'impress',0,NULL,0,8),(29,'impressing',0,NULL,0,8),(51,'improve',0,NULL,0,5),(51,'improving',0,NULL,0,5),(58,'infiltrate',0,NULL,0,5),(58,'infiltrating',0,NULL,0,5),(59,'influence',0,NULL,0,5),(59,'influencing',0,NULL,0,5),(60,'insinuate',0,NULL,0,8),(60,'insinuating',0,NULL,0,8),(99,'inspect',0,NULL,0,5),(99,'inspecting',0,NULL,0,5),(99,'inspection',0,NULL,0,5),(62,'instate',0,NULL,0,0),(62,'instating',0,NULL,0,0),(61,'instill',0,NULL,0,5),(61,'instilling',0,NULL,0,5),(63,'irk',0,NULL,0,4),(63,'irking',0,NULL,0,4),(63,'irritate',0,NULL,0,4),(63,'irritating',0,NULL,0,4),(8,'is',0,NULL,0,10),(48,'issue',0,NULL,0,1),(21,'issue an orderly deal',0,NULL,0,3),(48,'issuing',0,NULL,0,1),(21,'issuing an orderly deal',0,NULL,0,3),(64,'judge',0,NULL,0,2),(64,'judging',0,NULL,0,2),(64,'judgment',0,NULL,0,2),(65,'justification',0,NULL,0,8),(65,'justify',0,NULL,0,8),(65,'justifying',0,NULL,0,8),(66,'keep',0,NULL,0,0),(52,'keep grasp',0,NULL,0,0),(97,'keep low',0,NULL,0,5),(97,'keep still',0,NULL,0,5),(86,'keep the same',0,NULL,1,1),(21,'keep track',0,NULL,0,3),(86,'keep up',0,NULL,1,1),(79,'keep watch',0,NULL,0,9),(66,'keeping',0,NULL,0,0),(52,'keeping grasp',0,NULL,0,0),(97,'keeping low',0,NULL,0,5),(97,'keeping still',0,NULL,0,5),(86,'keeping the same',0,NULL,1,1),(21,'keeping track',0,NULL,0,3),(86,'keeping up',0,NULL,1,1),(79,'keeping watch',0,NULL,0,9),(66,'kept',0,NULL,0,0),(67,'know',0,NULL,0,3),(67,'knowing',0,NULL,0,3),(53,'label',0,NULL,0,1),(53,'labeling',0,NULL,0,1),(68,'last',0,NULL,0,7),(68,'lasting',0,NULL,0,7),(69,'lead',0,NULL,0,6),(69,'leading',0,NULL,0,6),(97,'leave',0,NULL,0,5),(97,'leaving',0,NULL,0,5),(70,'lessen',0,NULL,0,5),(70,'lessening',0,NULL,0,5),(22,'let down',0,NULL,0,9),(48,'let someone have',0,NULL,0,1),(22,'letting down',0,NULL,0,9),(48,'letting someone have',0,NULL,0,1),(5,'liken',0,NULL,0,0),(71,'limit',0,NULL,0,9),(71,'limiting',0,NULL,0,9),(72,'live',0,NULL,0,8),(72,'living',0,NULL,0,8),(83,'locate somewhere',0,NULL,0,5),(83,'locating somewhere',0,NULL,0,5),(41,'lodge',0,NULL,0,6),(41,'lodging',0,NULL,0,6),(67,'love',0,NULL,0,3),(67,'loving',0,NULL,0,3),(66,'maintain',0,NULL,0,0),(66,'maintaining',0,NULL,0,0),(10,'make',0,NULL,0,5),(3,'make a use of',0,NULL,0,1),(63,'make bitter',0,NULL,0,4),(85,'make content',0,NULL,0,6),(2,'make different',0,NULL,0,9),(32,'make into annexation',0,NULL,0,2),(93,'make narrative',0,NULL,0,1),(73,'make required',0,NULL,0,7),(55,'make sluggish',0,NULL,0,5),(55,'make suscept',0,NULL,0,5),(3,'make use of',0,NULL,0,1),(10,'making',0,NULL,0,5),(63,'making bitter',0,NULL,0,4),(85,'making content',0,NULL,0,6),(32,'making into annexation',0,NULL,0,2),(93,'making narrative',0,NULL,0,1),(55,'making sluggish',0,NULL,0,5),(55,'making suscept',0,NULL,0,5),(41,'match',0,NULL,0,6),(41,'matching',0,NULL,0,6),(39,'may',0,NULL,0,8),(17,'meet and introduce',0,NULL,0,5),(46,'meet demand',0,NULL,0,5),(17,'meeting and introducing',0,NULL,0,5),(46,'meeting demand',0,NULL,0,5),(63,'menace',0,NULL,0,4),(63,'menacing',0,NULL,0,4),(39,'might',0,NULL,0,8),(2,'modify',0,NULL,0,9),(2,'modifying',0,NULL,0,9),(44,'monitor',0,NULL,0,3),(44,'monitoring',0,NULL,0,3),(49,'move',0,NULL,0,6),(49,'moving',0,NULL,0,6),(84,'need',0,NULL,0,2),(84,'needing',0,NULL,0,2),(104,'nonconform',0,NULL,0,8),(22,'not being good enough',0,NULL,0,9),(104,'not comply',0,NULL,0,8),(104,'not complying',0,NULL,0,8),(73,'obligate',0,NULL,0,7),(73,'obligating',0,NULL,0,7),(74,'obscure',0,NULL,0,4),(74,'obscuring',0,NULL,0,4),(44,'observe',0,NULL,0,3),(44,'observing',0,NULL,0,3),(75,'occupy',0,NULL,0,8),(75,'occupying',0,NULL,0,8),(48,'offer for free',0,NULL,0,1),(48,'offering for free',0,NULL,0,1),(76,'open',0,NULL,0,5),(76,'opening',0,NULL,0,5),(103,'oppose',0,NULL,0,5),(103,'opposing',0,NULL,0,5),(103,'opposition',0,NULL,0,5),(77,'order',0,NULL,0,3),(77,'ordering',0,NULL,0,3),(78,'orient',0,NULL,0,4),(78,'orienting',0,NULL,0,4),(23,'outpour',0,NULL,0,5),(23,'outpouring',0,NULL,0,5),(18,'over-envelope',0,NULL,0,0),(18,'over-enveloping',0,NULL,0,0),(79,'overlook',0,NULL,0,9),(79,'overlooking',0,NULL,0,9),(80,'pass',0,NULL,0,5),(80,'passing',0,NULL,0,5),(97,'pause',0,NULL,0,5),(97,'pausing',0,NULL,0,5),(81,'peal',0,NULL,0,5),(81,'pealing',0,NULL,0,5),(82,'perform',0,NULL,0,5),(82,'performing',0,NULL,0,5),(102,'persist',0,NULL,0,4),(102,'persistence',0,NULL,0,4),(102,'persisting',0,NULL,0,4),(13,'pick',0,NULL,0,6),(13,'picking',0,NULL,0,6),(83,'place',0,NULL,0,5),(84,'place request',0,NULL,0,2),(84,'placement of request',0,NULL,0,2),(83,'placing',0,NULL,0,5),(84,'placing request',0,NULL,0,2),(39,'plan',0,NULL,0,8),(39,'planning',0,NULL,0,8),(85,'please',0,NULL,0,6),(85,'pleasing',0,NULL,0,6),(21,'point',0,NULL,0,3),(21,'pointing',0,NULL,0,3),(55,'poison',0,NULL,0,5),(55,'poisoning',0,NULL,0,5),(1,'prefer',0,NULL,0,0),(1,'preferring',0,NULL,0,0),(6,'prepare',5,1,0,5),(48,'present',0,NULL,0,1),(48,'presenting',0,NULL,0,1),(86,'preserve',0,NULL,1,1),(86,'preserving',0,NULL,1,1),(32,'preside over',0,NULL,0,2),(32,'presiding over',0,NULL,0,2),(87,'proclaim with',0,NULL,0,5),(87,'proclaiming with',0,NULL,0,5),(87,'project',0,NULL,0,5),(87,'project out',0,NULL,0,5),(87,'projecting',0,NULL,0,5),(87,'projecting out',0,NULL,0,5),(83,'propose',0,NULL,0,5),(83,'proposing',0,NULL,0,5),(83,'proposition',0,NULL,0,5),(54,'prove',0,NULL,0,2),(88,'provide over',0,NULL,0,5),(54,'proving',0,NULL,0,2),(81,'pull off',0,NULL,0,5),(81,'pulling off',0,NULL,0,5),(83,'put',0,NULL,0,5),(5,'put with a characteristic',0,NULL,0,0),(83,'putting',0,NULL,0,5),(46,'qualify',0,NULL,0,5),(54,'ramp-up',0,NULL,0,2),(54,'ramping up',0,NULL,0,2),(89,'redeem',0,NULL,0,0),(89,'redeeming',0,NULL,0,0),(70,'reduce',0,NULL,0,5),(70,'reducing',0,NULL,0,5),(93,'reform',0,NULL,0,1),(93,'reforming',0,NULL,0,1),(71,'refrain',0,NULL,0,9),(71,'refraining',0,NULL,0,9),(96,'regard',0,NULL,0,2),(96,'regarding',0,NULL,0,2),(84,'register',0,NULL,0,2),(84,'registering',0,NULL,0,2),(103,'reject',0,NULL,0,5),(103,'rejecting',0,NULL,0,5),(103,'rejection',0,NULL,0,5),(23,'release',0,NULL,0,5),(23,'releasing',0,NULL,0,5),(90,'relent',0,NULL,0,4),(90,'relenting',0,NULL,0,4),(23,'relinquish',0,NULL,0,5),(23,'relinquishing',0,NULL,0,5),(105,'rely',0,NULL,0,5),(105,'relying',0,NULL,0,5),(23,'remove',0,NULL,0,5),(23,'removing',0,NULL,0,5),(93,'render',0,NULL,0,1),(91,'reorient',0,NULL,0,9),(91,'reorienting',0,NULL,0,9),(51,'repair',0,NULL,0,5),(51,'repairing',0,NULL,0,5),(92,'replicate',0,NULL,0,1),(92,'replicating',0,NULL,0,1),(93,'represent',0,NULL,0,1),(93,'representation',0,NULL,0,1),(93,'representing',0,NULL,0,1),(94,'reprimand',0,NULL,0,8),(94,'reprimanding',0,NULL,0,8),(84,'require',0,NULL,0,2),(84,'requiring',0,NULL,0,2),(95,'reservation',0,NULL,0,5),(95,'reserve',0,NULL,0,5),(95,'reserving',0,NULL,0,5),(96,'respond',0,NULL,0,2),(96,'responding',0,NULL,0,2),(55,'restrain',0,NULL,0,5),(55,'restraining',0,NULL,0,5),(97,'retract',0,NULL,0,5),(97,'retracting',0,NULL,0,5),(97,'retreat',0,NULL,0,5),(97,'retreating',0,NULL,0,5),(76,'reveal',0,NULL,0,5),(76,'revealing',0,NULL,0,5),(51,'revise',0,NULL,0,5),(51,'revising',0,NULL,0,5),(98,'rip',0,NULL,0,5),(98,'rip into',0,NULL,0,5),(98,'ripping',0,NULL,0,5),(98,'ripping into',0,NULL,0,5),(43,'ruffle',0,NULL,0,8),(43,'ruffling',0,NULL,0,8),(99,'rummage',0,NULL,0,5),(99,'rummaging',0,NULL,0,5),(86,'salvage',0,NULL,0,1),(86,'salvaging',0,NULL,0,1),(85,'satisfy',0,NULL,0,6),(85,'satisfying',0,NULL,0,6),(82,'saturate',0,NULL,0,5),(82,'saturating',0,NULL,0,5),(82,'saturation',0,NULL,0,5),(86,'save',0,NULL,0,1),(86,'saving',0,NULL,0,1),(99,'search',0,NULL,0,5),(99,'searching',0,NULL,0,5),(100,'segment',0,NULL,0,5),(100,'segmenting',0,NULL,0,5),(13,'select',0,NULL,0,6),(13,'selecting',0,NULL,0,6),(88,'serve',0,NULL,0,5),(88,'serving',0,NULL,0,5),(83,'set',0,NULL,0,5),(83,'setting',0,NULL,0,5),(101,'settle',0,NULL,0,0),(101,'settling',0,NULL,0,0),(100,'sever',0,NULL,0,5),(39,'shall',0,NULL,0,8),(39,'should',0,NULL,0,8),(101,'show',0,NULL,0,0),(96,'show expression',0,NULL,0,2),(101,'showing',0,NULL,0,0),(96,'showing expression',0,NULL,0,2),(101,'sit',0,NULL,0,0),(101,'sitting',0,NULL,0,0),(98,'slash',0,NULL,0,5),(98,'slashing',0,NULL,0,5),(96,'snicker',0,NULL,0,2),(96,'snickering',0,NULL,0,2),(50,'something that has been',0,NULL,0,5),(50,'something that is going on',0,NULL,0,5),(79,'spectate',0,NULL,0,9),(79,'spectating',0,NULL,0,9),(102,'sponsor',0,NULL,0,4),(102,'sponsoring',0,NULL,0,4),(32,'stay',0,NULL,1,2),(32,'staying',0,NULL,1,2),(96,'struggle',0,NULL,0,2),(96,'struggling',0,NULL,0,2),(48,'submit',0,NULL,0,1),(48,'submitting',0,NULL,0,1),(46,'suffice',0,NULL,0,5),(46,'sufficing',0,NULL,0,5),(54,'support',0,NULL,0,2),(54,'supporting',0,NULL,0,2),(34,'swap',0,NULL,0,0),(34,'swapping',0,NULL,0,0),(34,'switch with',0,NULL,0,0),(34,'switching with',0,NULL,0,0),(96,'sympathize',6,4,0,2),(51,'take break',0,NULL,0,5),(27,'take out',0,NULL,0,6),(50,'take place',0,NULL,1,5),(11,'take with',0,NULL,0,1),(51,'taking break',0,NULL,0,5),(27,'taking out',0,NULL,0,6),(50,'taking place',0,NULL,1,5),(96,'talk',0,NULL,0,2),(96,'talking',0,NULL,0,2),(63,'trouble',0,NULL,0,4),(63,'troubling',0,NULL,0,4),(105,'trust',0,NULL,0,5),(105,'trusting',0,NULL,0,5),(93,'typification',0,NULL,0,2),(93,'typify',0,NULL,0,2),(93,'typifying',0,NULL,0,2),(55,'undermine',0,NULL,0,5),(55,'undermining',0,NULL,0,5),(67,'understand',0,NULL,0,3),(67,'understanding',0,NULL,0,3),(3,'use',0,NULL,0,1),(3,'use of',0,NULL,0,1),(3,'using',0,NULL,0,1),(54,'validate',0,NULL,0,2),(54,'validating',0,NULL,0,2),(2,'vary',0,NULL,0,9),(2,'varying',0,NULL,0,9),(6,'visit',0,NULL,0,5),(6,'visiting',0,NULL,0,5),(8,'was',0,NULL,0,10),(43,'wave',0,NULL,0,8),(43,'waving',0,NULL,0,8),(55,'weaken',0,NULL,0,5),(55,'weakening',0,NULL,0,5),(8,'were',0,NULL,0,10),(8,'will be',0,NULL,0,10),(39,'would',0,NULL,0,8),(55,'wound',0,NULL,0,5),(55,'wounding',0,NULL,0,5),(12,'yield',0,NULL,0,5),(12,'yielding',0,NULL,0,5);
/*!40000 ALTER TABLE `acts_proc0` ENABLE KEYS */;
UNLOCK TABLES;

--
-- Table structure for table `acts_proc1`
--

DROP TABLE IF EXISTS `acts_proc1`;
/*!40101 SET @saved_cs_client     = @@character_set_client */;
/*!40101 SET character_set_client = utf8 */;
CREATE TABLE `acts_proc1` (
  `nextID` smallint(6) NOT NULL,
  `Description` varchar(45) NOT NULL,
  `num_Sub_items` smallint(6) NOT NULL,
  `futActInd` tinyint(4) NOT NULL,
  `Action_type` smallint(6) NOT NULL,
  PRIMARY KEY (`Description`)
) ENGINE=InnoDB DEFAULT CHARSET=utf8;
/*!40101 SET character_set_client = @saved_cs_client */;

--
-- Dumping data for table `acts_proc1`
--

LOCK TABLES `acts_proc1` WRITE;
/*!40000 ALTER TABLE `acts_proc1` DISABLE KEYS */;
INSERT INTO `acts_proc1` VALUES (5,'acknowledge',0,0,2),(5,'acknowledging',0,0,2),(2,'attend to',0,0,1),(2,'attending to',0,0,1),(2,'care for',0,0,1),(2,'caring for',0,0,1),(4,'feel sorry for',0,0,2),(4,'feeling sorry for',0,0,2),(1,'figure what do',0,0,5),(1,'figuring what do',0,0,5),(3,'fill',0,0,1),(3,'filling',0,0,1),(1,'get ready',0,0,5),(1,'getting ready',0,0,5),(1,'make contribution',0,0,5),(1,'make ready',0,0,5),(1,'making contribution',0,0,5),(1,'making ready',0,0,5),(3,'pile up',0,0,1),(3,'piling up',0,0,1),(1,'prepare',0,0,5),(1,'preparing',0,0,5),(2,'secure',0,0,1),(2,'securing',0,0,1),(4,'show caring concern',0,0,2),(4,'showing sympathy',0,0,2),(4,'sympathize',0,0,2),(4,'sympathizing',0,0,2),(3,'use up space',0,0,1),(3,'using up space',0,0,1);
/*!40000 ALTER TABLE `acts_proc1` ENABLE KEYS */;
UNLOCK TABLES;

--
-- Table structure for table `event1`
--

DROP TABLE IF EXISTS `event1`;
/*!40101 SET @saved_cs_client     = @@character_set_client */;
/*!40101 SET character_set_client = utf8 */;
CREATE TABLE `event1` (
  `entry` varchar(44) NOT NULL,
  `e_id` smallint(6) NOT NULL,
  `num_Sub_items` smallint(6) NOT NULL,
  `Action_type` smallint(6) NOT NULL,
  PRIMARY KEY (`entry`,`e_id`),
  KEY `fk_event1_e1_id_idx` (`e_id`)
) ENGINE=InnoDB DEFAULT CHARSET=utf8;
/*!40101 SET character_set_client = @saved_cs_client */;

--
-- Dumping data for table `event1`
--

LOCK TABLES `event1` WRITE;
/*!40000 ALTER TABLE `event1` DISABLE KEYS */;
INSERT INTO `event1` VALUES ('a maneuvering act',81,84,5),('alter',28,19,9),('assess',8,17,8),('attack',110,14,5),('bear',105,10,5),('beguile',10,2,8),('choose',6,15,6),('cognition',33,13,8),('comment',11,3,2),('commit',106,7,2),('complicate',109,4,5),('conjecture',75,2,8),('consume',9,6,0),('crowd',95,6,5),('designate',21,3,8),('destroy',96,15,5),('develop',13,19,0),('dilate',15,3,0),('disappointment',111,5,9),('disrupt',25,56,5),('diversion',113,7,7),('divulge',16,4,0),('document',5,4,1),('dust',47,2,0),('eat',7,2,0),('effort',17,10,5),('endure',100,3,5),('enforce',12,9,5),('entreat',14,7,2),('examination',112,9,8),('exchange',3,2,9),('fix',116,10,5),('fortify',102,5,6),('garrison',18,2,6),('get',82,8,3),('give',19,84,0),('grow',107,12,1),('help',99,9,5),('impose',20,13,0),('indoctrinate',22,3,5),('infiltrate',23,3,6),('inquire',94,3,6),('interact',2,3,5),('introduce',24,2,4),('involve',4,17,2),('misoperation',26,1,5),('motivation',104,2,5),('negotiate',29,3,7),('object',30,21,5),('occur',79,31,5),('offend',31,18,5),('operate',27,3,0),('order',32,2,0),('perform',34,3,1),('plan',35,2,8),('plot',36,2,7),('portray',37,9,2),('practice',115,8,8),('preserve',38,3,1),('proceed',39,3,6),('profit',119,10,3),('provide',118,6,0),('qualify',98,3,8),('quantify',97,3,9),('query',40,2,8),('realize',43,9,9),('reclaim',41,7,1),('recognize',42,20,8),('reduce',108,57,5),('repeal',44,8,0),('represent',45,6,9),('request',46,2,9),('retract',48,5,5),('revise',49,3,9),('search',50,2,6),('see',51,10,5),('seethe',52,2,5),('settle',53,2,8),('ship',54,5,1),('show',114,11,9),('shuffle',55,6,0),('spark',117,13,1),('squirm',57,14,5),('stammer',58,2,0),('stand',59,8,9),('start',60,2,6),('steam',61,2,5),('stimulate',62,3,5),('stipulate',63,3,8),('streak',66,4,9),('strengthen',64,4,7),('stress',65,17,8),('subjugate',103,2,8),('subsidize',67,3,7),('substantiate',68,3,3),('support',101,2,5),('sustain',69,5,8),('sway',70,2,5),('take',71,11,3),('talk',72,16,9),('tend',73,2,6),('think',74,3,9),('thrill',76,2,5),('toss',77,2,5),('trail',78,2,5),('travel',80,8,6),('trick',83,20,9),('try',84,6,6),('tumble',86,2,5),('turn',85,6,5),('undertake',1,15,5),('unlock',87,12,5),('usher',88,2,4),('waiver',89,2,0),('want',90,2,2),('weave',56,2,5),('withstand',91,2,4),('worry',92,10,8),('wrap',93,8,5);
/*!40000 ALTER TABLE `event1` ENABLE KEYS */;
UNLOCK TABLES;

--
-- Table structure for table `event2_sub`
--

DROP TABLE IF EXISTS `event2_sub`;
/*!40101 SET @saved_cs_client     = @@character_set_client */;
/*!40101 SET character_set_client = utf8 */;
CREATE TABLE `event2_sub` (
  `e_id` smallint(6) NOT NULL,
  `entry` varchar(44) NOT NULL,
  `e2_id` smallint(6) DEFAULT NULL,
  `num_Sub_items` smallint(6) NOT NULL,
  `futActInd` tinyint(4) NOT NULL,
  `Action_type` smallint(6) NOT NULL,
  PRIMARY KEY (`entry`)
) ENGINE=InnoDB DEFAULT CHARSET=utf8;
/*!40101 SET character_set_client = @saved_cs_client */;

--
-- Dumping data for table `event2_sub`
--

LOCK TABLES `event2_sub` WRITE;
/*!40000 ALTER TABLE `event2_sub` DISABLE KEYS */;
INSERT INTO `event2_sub` VALUES (79,'a deed',NULL,0,0,5),(96,'a form failing',NULL,0,0,5),(96,'a form fails',NULL,0,0,5),(108,'abate',NULL,0,0,5),(108,'abating',NULL,0,0,5),(31,'abuse',NULL,0,0,5),(31,'abusing',NULL,0,0,5),(19,'accommodate',NULL,0,0,0),(19,'accommodating',NULL,0,0,0),(43,'achieve',NULL,0,0,9),(43,'achievement',NULL,0,0,9),(43,'achieving',NULL,0,0,9),(43,'acquire',NULL,0,0,9),(119,'acquire value',NULL,0,0,3),(43,'acquiring',NULL,0,0,9),(119,'acquiring value',NULL,0,0,3),(43,'acquisition',NULL,0,0,9),(79,'act',NULL,0,0,5),(79,'acting',NULL,0,0,5),(81,'acting with a maneuver',NULL,0,0,5),(79,'action',NULL,0,0,5),(19,'add',3,5,0,0),(28,'adjust',NULL,0,0,4),(28,'adjusting',NULL,0,0,4),(28,'adjustment',NULL,0,0,4),(33,'admiration',7,6,0,8),(42,'admission',NULL,0,0,8),(42,'admit',NULL,0,0,8),(42,'admitting',NULL,0,0,8),(81,'advance',NULL,0,0,5),(81,'advancing',NULL,0,0,5),(99,'advise',NULL,0,0,5),(99,'advising',NULL,0,0,5),(42,'affirm',NULL,0,0,8),(42,'affirmation',NULL,0,0,8),(42,'affirming',NULL,0,0,8),(25,'alarm',10,17,0,5),(1,'align',NULL,0,0,5),(1,'aligning',NULL,0,0,5),(42,'allow',NULL,0,0,8),(42,'allowance',NULL,0,0,8),(42,'allowing',NULL,0,0,8),(28,'alter',NULL,0,0,9),(85,'alter course',NULL,0,0,5),(28,'alteration',NULL,0,0,9),(28,'altering',NULL,0,0,9),(85,'altering course',NULL,0,0,5),(81,'amble',NULL,0,0,5),(81,'ambling',NULL,0,0,5),(6,'an option to go with',NULL,0,0,6),(81,'angle',NULL,0,0,5),(81,'angling',NULL,0,0,5),(25,'annoy',NULL,0,0,5),(25,'annoyance',NULL,0,0,5),(25,'annoying',NULL,0,0,5),(1,'appropriate',NULL,0,0,3),(1,'appropriating',NULL,0,0,3),(42,'approval',NULL,0,0,8),(42,'approval of appropriation',NULL,0,0,8),(42,'approve',NULL,0,0,8),(42,'approve through with appropriation',NULL,0,0,8),(42,'approving',NULL,0,0,8),(42,'approving through with appropriation',NULL,0,0,8),(14,'ask',NULL,0,0,2),(14,'asking',NULL,0,0,2),(90,'aspiration',NULL,0,0,2),(90,'aspire',NULL,0,0,2),(90,'aspiring',NULL,0,0,2),(8,'assay',NULL,0,0,8),(8,'assaying',NULL,0,0,8),(12,'assert',NULL,0,0,5),(12,'asserting',NULL,0,0,5),(12,'assertion',NULL,0,0,5),(8,'assess',NULL,0,0,8),(8,'assessing',NULL,0,0,8),(8,'assessment',NULL,0,0,8),(110,'attack',NULL,0,0,5),(110,'attacking',NULL,0,0,5),(84,'attempt',NULL,0,0,6),(84,'attempting',NULL,0,0,6),(37,'attest',NULL,0,0,2),(37,'attesting',NULL,0,0,2),(90,'be eager',NULL,0,0,2),(105,'bear',NULL,0,0,5),(105,'bearing',NULL,0,0,5),(108,'become little',NULL,0,0,5),(108,'becoming little',NULL,0,0,5),(60,'begin',NULL,0,1,6),(60,'beginning',NULL,0,1,6),(10,'beguile',NULL,0,0,8),(10,'beguiling',NULL,0,0,8),(90,'being eager',NULL,0,0,2),(111,'betray',NULL,0,0,9),(111,'betraying',NULL,0,0,9),(30,'block',NULL,0,0,5),(30,'blocking',NULL,0,0,5),(81,'board',NULL,0,0,5),(81,'boarding',NULL,0,0,5),(81,'bow',NULL,0,0,5),(81,'bowing',NULL,0,0,5),(55,'bramble',NULL,0,0,0),(55,'brambling',NULL,0,0,0),(96,'break',NULL,0,0,5),(96,'breaking',NULL,0,0,5),(118,'bring',NULL,0,0,0),(118,'bringing',NULL,0,0,0),(1,'broaden',NULL,0,0,5),(1,'broadening',NULL,0,0,5),(92,'burden',NULL,0,0,8),(92,'burdening',NULL,0,0,8),(71,'capture',NULL,0,0,3),(71,'capturing',NULL,0,0,3),(19,'care for',1,8,0,0),(4,'cause',NULL,0,0,2),(4,'causing',NULL,0,0,2),(28,'change',NULL,0,0,9),(85,'change angle',NULL,0,0,5),(28,'changing',NULL,0,0,9),(85,'changing angle',NULL,0,0,5),(83,'cheat',NULL,0,0,9),(83,'cheating',NULL,0,0,9),(112,'check',NULL,0,0,8),(112,'checking',NULL,0,0,8),(6,'choice',NULL,0,0,6),(6,'choose',NULL,0,0,6),(6,'choosing',NULL,0,0,6),(16,'claim',NULL,0,0,0),(16,'claiming',NULL,0,0,0),(81,'clamber over',NULL,0,0,5),(81,'clambering over',NULL,0,0,5),(81,'climb',NULL,0,0,5),(81,'climbing',NULL,0,0,5),(93,'cling',NULL,0,0,5),(93,'clinging',NULL,0,0,5),(33,'cognition',NULL,0,0,8),(110,'combat',NULL,0,0,5),(110,'combating',NULL,0,0,5),(82,'come',NULL,0,0,3),(82,'coming',NULL,0,0,3),(11,'comment',NULL,0,0,2),(11,'commentary',NULL,0,0,2),(11,'commenting',NULL,0,0,2),(106,'commit',NULL,0,0,2),(106,'commitment',NULL,0,0,2),(106,'committing',NULL,0,0,2),(108,'compact',NULL,0,0,5),(108,'compacting',NULL,0,0,5),(8,'compare',NULL,0,0,8),(8,'comparing',NULL,0,0,8),(8,'comparison',NULL,0,0,8),(109,'complicate',NULL,0,0,5),(109,'complicating',NULL,0,0,5),(13,'compose',8,8,0,0),(42,'concede',NULL,0,0,8),(42,'conceding',NULL,0,0,8),(92,'concern',NULL,0,0,8),(92,'concerning',NULL,0,0,8),(42,'concession',NULL,0,0,8),(81,'conduct',NULL,0,0,5),(81,'conducting',NULL,0,0,5),(1,'confer',NULL,0,0,5),(1,'conferring',NULL,0,0,5),(110,'confront',NULL,0,0,5),(110,'confrontation',NULL,0,0,5),(110,'confronting',NULL,0,0,5),(25,'confuse',NULL,0,0,5),(25,'confusing',NULL,0,0,5),(75,'conjecture',NULL,0,0,8),(75,'conjecturing',NULL,0,0,8),(112,'consideration',NULL,0,0,8),(19,'constitute',NULL,0,0,0),(19,'constituting',NULL,0,0,0),(19,'constitution',NULL,0,0,0),(108,'constrict',NULL,0,0,5),(108,'constricting',NULL,0,0,5),(13,'construct',NULL,0,0,0),(13,'constructing',NULL,0,0,0),(13,'construction',NULL,0,0,0),(9,'consume',NULL,0,0,0),(9,'consuming',NULL,0,0,0),(9,'consumption',NULL,0,0,0),(19,'contribute',NULL,0,0,0),(19,'contributing',NULL,0,0,0),(19,'contribution',NULL,0,0,0),(72,'conversation',NULL,0,0,9),(72,'converse',NULL,0,0,9),(72,'conversing',NULL,0,0,9),(99,'counsel',NULL,0,0,5),(99,'counselling',NULL,0,0,5),(30,'counter',NULL,0,0,5),(83,'counter-fit',NULL,0,0,9),(83,'counter-fitting',NULL,0,0,9),(30,'countering',NULL,0,0,5),(96,'crashes',NULL,0,0,5),(96,'crashing',NULL,0,0,5),(81,'creep towards',NULL,0,0,5),(81,'creeping towards',NULL,0,0,5),(95,'crowd',NULL,0,0,5),(95,'crowding',NULL,0,0,5),(96,'crumbles',NULL,0,0,5),(96,'crumbling',NULL,0,0,5),(108,'cut back',NULL,0,0,5),(108,'cut off',NULL,0,0,5),(108,'cut out',NULL,0,0,5),(108,'cutting back',NULL,0,0,5),(108,'cutting off',NULL,0,0,5),(108,'cutting out',NULL,0,0,5),(84,'dare',NULL,0,0,6),(84,'daring',NULL,0,0,6),(19,'deal',NULL,0,0,0),(19,'dealing',NULL,0,0,0),(83,'deceive',NULL,0,0,9),(83,'deceiving',NULL,0,0,9),(6,'decide',NULL,0,0,6),(6,'deciding',NULL,0,0,6),(6,'decision',NULL,0,0,6),(108,'decrease',NULL,0,0,5),(108,'decreasing',NULL,0,0,5),(108,'decrement',NULL,0,0,5),(108,'decrementing',NULL,0,0,5),(30,'defiance',NULL,0,0,5),(45,'define',NULL,0,0,9),(45,'defining',NULL,0,0,9),(45,'definition',NULL,0,0,9),(30,'defy',NULL,0,0,5),(30,'defying',NULL,0,0,5),(19,'deliberate',NULL,0,0,0),(19,'deliberating',NULL,0,0,0),(19,'deliberation',6,20,0,0),(9,'deplete',NULL,0,0,0),(9,'depleting',NULL,0,0,0),(9,'depletion',NULL,0,0,0),(13,'design',NULL,0,0,0),(21,'designate',NULL,0,0,8),(21,'designating',NULL,0,0,8),(21,'designation',NULL,0,0,8),(13,'designing',NULL,0,0,0),(90,'desire',NULL,0,0,2),(90,'desiring',NULL,0,0,2),(96,'destroy',NULL,0,0,5),(96,'destroying',NULL,0,0,5),(96,'destruction',NULL,0,0,5),(42,'detect',NULL,0,0,8),(42,'detecting',NULL,0,0,8),(42,'detection',NULL,0,0,8),(13,'develop',NULL,0,0,0),(13,'developing',NULL,0,0,0),(13,'development',NULL,0,0,0),(72,'dictate',NULL,0,0,9),(72,'dictating',NULL,0,0,9),(72,'dictation',NULL,0,0,9),(81,'dig',NULL,0,0,5),(81,'digging',NULL,0,0,5),(15,'dilate',NULL,0,0,0),(15,'dilating',NULL,0,0,0),(15,'dilation',NULL,0,0,0),(108,'diminish',NULL,0,0,5),(108,'diminishing',NULL,0,0,5),(111,'disappoint',NULL,0,0,9),(111,'disappointing',NULL,0,0,9),(111,'disappointment',NULL,0,0,9),(30,'discourage',NULL,0,0,5),(30,'discouragement',NULL,0,0,5),(30,'discouraging',NULL,0,0,5),(109,'disorder',NULL,0,0,5),(109,'disordering',NULL,0,0,5),(19,'dispensation',NULL,0,0,0),(19,'dispense',NULL,0,0,0),(19,'dispensing',NULL,0,0,0),(114,'display',NULL,0,0,9),(31,'disrespect',NULL,0,0,5),(31,'disrespecting',NULL,0,0,5),(25,'disrupt',NULL,0,0,5),(25,'disrupting',NULL,0,0,5),(25,'disruption',NULL,0,0,5),(25,'dissent',NULL,0,0,5),(25,'dissenting',NULL,0,0,5),(113,'distract',NULL,0,0,7),(113,'distracting',NULL,0,0,7),(113,'distraction',NULL,0,0,7),(19,'distribute',NULL,0,0,0),(19,'distributing',NULL,0,0,0),(19,'distribution',NULL,0,0,0),(81,'dive',NULL,0,0,5),(113,'diversion',NULL,0,0,7),(113,'divert',NULL,0,0,7),(113,'diverting',NULL,0,0,7),(81,'diving',NULL,0,0,5),(16,'divulge',NULL,0,0,0),(16,'divulging',NULL,0,0,0),(5,'document',NULL,0,0,1),(5,'documenting',NULL,0,0,1),(1,'does',NULL,0,0,5),(81,'drag',NULL,0,0,5),(81,'dragging',NULL,0,0,5),(65,'drain energy',NULL,0,0,8),(65,'draining energy',NULL,0,0,8),(113,'draw away',NULL,0,0,7),(92,'dread',NULL,0,0,8),(92,'dreading',NULL,0,0,8),(81,'drive',NULL,0,0,5),(81,'driving',NULL,0,0,5),(47,'dust',NULL,0,0,0),(47,'dusting',NULL,0,0,0),(7,'eat',NULL,0,0,0),(7,'eating',NULL,0,0,0),(81,'edge',NULL,0,0,5),(81,'edging',NULL,0,0,5),(28,'edit',NULL,0,0,9),(28,'editing',NULL,0,0,9),(17,'effort',NULL,0,0,5),(41,'elate with peace',NULL,0,0,1),(41,'elating with peace',NULL,0,0,1),(31,'embezzle',NULL,0,0,5),(31,'embezzlement',NULL,0,0,5),(31,'embezzling',NULL,0,0,5),(100,'endure',NULL,0,0,5),(100,'enduring',NULL,0,0,5),(12,'enforce',NULL,0,0,5),(12,'enforcement',NULL,0,0,5),(12,'enforcing',NULL,0,0,5),(90,'engage strongly',NULL,0,0,2),(90,'engaging strongly',NULL,0,0,2),(1,'enrich',NULL,0,0,5),(1,'enriching',NULL,0,0,5),(1,'enrichment',NULL,0,0,5),(71,'ensnare',NULL,0,0,3),(71,'ensnaring',NULL,0,0,3),(106,'ensure',NULL,0,0,2),(14,'entreat',NULL,0,0,2),(14,'entreating',NULL,0,0,2),(14,'entreatment',NULL,0,0,2),(96,'erode',NULL,0,0,5),(96,'eroding',NULL,0,0,5),(107,'escalate',NULL,0,0,1),(107,'escalating',NULL,0,0,1),(107,'escalation',NULL,0,0,1),(8,'evaluate',NULL,0,0,8),(8,'evaluating',NULL,0,0,8),(8,'evaluation',NULL,0,0,8),(20,'exacerbate',NULL,0,0,0),(20,'exacerbating',NULL,0,0,0),(20,'exacerbation',NULL,0,0,0),(112,'examination',NULL,0,0,8),(112,'examining',NULL,0,0,8),(65,'exasperate',NULL,0,0,8),(65,'exasperating',NULL,0,0,8),(65,'exasperation',NULL,0,0,8),(3,'exchange',NULL,0,0,9),(3,'exchanging',NULL,0,0,9),(1,'execute',13,12,0,5),(1,'exert',NULL,0,0,5),(1,'exerting',NULL,0,0,5),(65,'exhaust',NULL,0,0,8),(65,'exhausting',NULL,0,0,8),(114,'exhibit',NULL,0,0,9),(114,'exhibiting',NULL,0,0,9),(117,'exhilarate',NULL,0,0,1),(117,'exhilarating',NULL,0,0,1),(117,'exhilaration',NULL,0,0,1),(31,'exploit',NULL,0,0,5),(31,'exploitation',NULL,0,0,5),(31,'exploiting',NULL,0,0,5),(19,'express',NULL,0,0,0),(19,'expressing',NULL,0,0,0),(19,'expression',NULL,0,0,0),(115,'facilitate',NULL,0,0,8),(115,'facilitating',NULL,0,0,8),(83,'fake',NULL,0,0,9),(83,'faking',NULL,0,0,9),(13,'fashion',NULL,0,0,0),(13,'fashioning',NULL,0,0,0),(83,'feign',NULL,0,0,9),(83,'feigning',NULL,0,0,9),(57,'fidget',NULL,0,0,5),(57,'fidgeting',NULL,0,0,5),(110,'fight',NULL,0,0,5),(110,'fighting',NULL,0,0,5),(19,'fill',2,6,0,0),(95,'fill up',NULL,0,0,5),(95,'filling up',NULL,0,0,5),(116,'fine-tune',NULL,0,0,5),(116,'fine-tuning',NULL,0,0,5),(1,'fit',NULL,0,0,5),(1,'fitting',NULL,0,0,5),(116,'fix',NULL,0,0,5),(116,'fixing',NULL,0,0,5),(81,'fly',NULL,0,0,5),(81,'flying',NULL,0,0,5),(102,'fortification',NULL,0,0,6),(102,'fortify',NULL,0,0,6),(102,'fortifying',NULL,0,0,6),(110,'fought',NULL,0,0,5),(81,'free',NULL,0,0,5),(81,'freeing',NULL,0,0,5),(119,'gain',NULL,0,0,3),(119,'gaining',NULL,0,0,3),(18,'garrison',NULL,0,0,6),(18,'garrisoning',NULL,0,0,6),(82,'gather',NULL,0,0,3),(82,'gathering',NULL,0,0,3),(82,'get',NULL,0,1,3),(108,'get less',NULL,0,0,5),(115,'get prepared',NULL,0,0,8),(44,'get rid of',NULL,0,0,0),(108,'get small',NULL,0,0,5),(108,'get smaller',NULL,0,0,5),(41,'get something back',NULL,0,0,1),(95,'get to be too much',NULL,0,0,5),(82,'getting',NULL,0,1,3),(108,'getting less',NULL,0,0,5),(115,'getting prepared',NULL,0,0,8),(44,'getting rid of',NULL,0,0,0),(108,'getting small',NULL,0,0,5),(108,'getting smaller',NULL,0,0,5),(41,'getting something back',NULL,0,0,1),(95,'getting to be too much',NULL,0,0,5),(19,'give',NULL,0,0,0),(19,'giving',NULL,0,0,0),(114,'glimmer',NULL,0,0,9),(114,'glimmering',NULL,0,0,9),(80,'go',NULL,0,0,6),(81,'go around',NULL,0,0,5),(81,'go up',NULL,0,0,5),(6,'go with an option',NULL,0,0,6),(80,'going',NULL,0,0,6),(81,'going around',NULL,0,0,5),(81,'going up',NULL,0,0,5),(6,'going with an option',NULL,0,0,6),(82,'got',NULL,0,0,3),(42,'grant',NULL,0,0,8),(42,'granting',NULL,0,0,8),(107,'grow',NULL,0,0,1),(107,'growing',NULL,0,0,1),(107,'growth',NULL,0,0,1),(99,'guidance',NULL,0,0,5),(99,'guide',NULL,0,0,5),(99,'guiding',NULL,0,0,5),(19,'hand over',NULL,0,0,0),(19,'handing over',NULL,0,0,0),(105,'handle',NULL,0,0,5),(105,'handling',NULL,0,0,5),(25,'harass',NULL,0,0,5),(25,'harassing',NULL,0,0,5),(25,'harassment',NULL,0,0,5),(81,'harbor',NULL,0,0,5),(81,'harboring',NULL,0,0,5),(19,'harness',NULL,0,0,0),(19,'harnessing',NULL,0,0,0),(19,'harnessment',NULL,0,0,0),(25,'hassle',NULL,0,0,5),(25,'hassling',NULL,0,0,5),(80,'head for',NULL,0,0,6),(80,'heading for',NULL,0,0,6),(105,'heave',NULL,0,0,5),(105,'heaving',NULL,0,0,5),(99,'help',NULL,0,0,5),(99,'helping',NULL,0,0,5),(48,'hide',NULL,0,0,5),(48,'hiding',NULL,0,0,5),(81,'hop',NULL,0,0,5),(96,'hope of existence evaporates',NULL,0,0,5),(96,'hope of existence\'s evaporating',NULL,0,0,5),(90,'hoping',NULL,0,0,2),(81,'hopping',NULL,0,0,5),(81,'idle',NULL,0,0,5),(81,'idling',NULL,0,0,5),(19,'implement',NULL,0,0,0),(19,'implementation',NULL,0,0,0),(19,'implementing',NULL,0,0,0),(4,'implication',NULL,0,0,2),(4,'imply',NULL,0,0,2),(4,'implying',NULL,0,0,2),(20,'impose',NULL,0,0,0),(20,'imposing',NULL,0,0,0),(20,'imposition',NULL,0,0,0),(19,'impress',12,8,0,0),(116,'improve',NULL,0,0,5),(116,'improvement',NULL,0,0,5),(116,'improving',NULL,0,0,5),(107,'increase',NULL,0,0,1),(107,'increasing',NULL,0,0,1),(107,'increment',NULL,0,0,1),(107,'incrementing',NULL,0,0,1),(4,'indicate',NULL,0,0,2),(4,'indicating',NULL,0,0,2),(4,'indication',NULL,0,0,2),(22,'indoctrinate',NULL,0,0,0),(22,'indoctrinating',NULL,0,0,0),(22,'indoctrination',NULL,0,0,0),(23,'infiltrate',NULL,0,0,6),(23,'infiltrating',NULL,0,0,6),(23,'infiltration',NULL,0,0,6),(1,'infuse',NULL,0,0,5),(1,'infusement',NULL,0,0,5),(1,'infusing',NULL,0,0,5),(94,'inquire',NULL,0,0,6),(94,'inquiring',NULL,0,0,6),(94,'inquiry',NULL,0,0,6),(112,'inspect',NULL,0,0,8),(112,'inspecting',NULL,0,0,8),(112,'inspection',NULL,0,0,8),(90,'intend',NULL,0,0,2),(90,'intending',NULL,0,0,2),(64,'intensify',NULL,0,0,7),(64,'intensifying',NULL,0,0,7),(90,'intention',NULL,0,0,2),(2,'interact',NULL,0,0,5),(2,'interacting',NULL,0,0,5),(2,'interaction',NULL,0,0,5),(25,'interrupt',NULL,0,0,5),(25,'interrupting',NULL,0,0,5),(25,'interruption',NULL,0,0,5),(24,'introduce',NULL,0,0,4),(24,'introducing',NULL,0,0,4),(24,'introduction',NULL,0,0,4),(4,'involve',NULL,0,0,2),(4,'involvement',NULL,0,0,2),(4,'involving',NULL,0,0,2),(25,'irritate',NULL,0,0,5),(25,'irritating',NULL,0,0,5),(25,'irritation',NULL,0,0,5),(19,'issuance',NULL,0,0,0),(19,'issue',NULL,0,0,0),(17,'jostle',NULL,0,0,5),(17,'jostling',NULL,0,0,5),(81,'jump',NULL,0,0,5),(81,'jumping',NULL,0,0,5),(81,'leap',NULL,0,0,5),(81,'leaping',NULL,0,0,5),(66,'leave a line',NULL,0,0,9),(66,'leaving a line',NULL,0,0,9),(108,'lessen',NULL,0,0,5),(108,'lessening',NULL,0,0,5),(19,'let have',NULL,0,0,0),(19,'letting have',NULL,0,0,0),(83,'lie',NULL,0,0,9),(105,'lift',NULL,0,0,5),(105,'lifting',NULL,0,0,5),(117,'liven',NULL,0,0,1),(117,'livening',NULL,0,0,1),(81,'loaf',NULL,0,0,5),(81,'loafing',NULL,0,0,5),(51,'look',NULL,0,0,5),(51,'looking',NULL,0,0,5),(87,'loosen',NULL,0,0,5),(87,'loosening',NULL,0,0,5),(83,'lying',NULL,0,0,9),(81,'made a turn',NULL,0,0,5),(90,'make a drive',NULL,0,0,2),(81,'make a turn',NULL,0,0,5),(81,'make an act of a maneuver',NULL,0,0,5),(37,'make evident',NULL,0,0,2),(108,'make far less',NULL,0,0,5),(108,'make far smaller',NULL,0,0,5),(108,'make less',NULL,0,0,5),(108,'make miniature',NULL,0,0,5),(108,'make small',NULL,0,0,5),(108,'make smaller',NULL,0,0,5),(108,'make somewhat less',NULL,0,0,5),(117,'make wild',NULL,0,0,1),(90,'making a drive',NULL,0,0,2),(81,'making a turn',NULL,0,0,5),(37,'making evident',NULL,0,0,2),(108,'making far less',NULL,0,0,5),(108,'making far smaller',NULL,0,0,5),(108,'making less',NULL,0,0,5),(108,'making miniature',NULL,0,0,5),(108,'making small',NULL,0,0,5),(108,'making smaller',NULL,0,0,5),(108,'making somewhat less',NULL,0,0,5),(117,'making wild',NULL,0,0,1),(81,'maneuver',NULL,0,0,5),(81,'maneuvering',NULL,0,0,5),(4,'mean',NULL,0,0,2),(4,'meaning',NULL,0,0,2),(2,'meet',NULL,0,0,5),(2,'meeting',NULL,0,0,5),(108,'minimize',NULL,0,0,5),(108,'minimizing',NULL,0,0,5),(83,'mislead',NULL,0,0,9),(83,'misleading',NULL,0,0,9),(26,'misoperation',NULL,0,0,5),(25,'mistreat',NULL,0,0,5),(25,'mistreating',NULL,0,0,5),(25,'mistreatment',NULL,0,0,5),(28,'modification',NULL,0,0,9),(28,'modify',NULL,0,0,9),(28,'modifying',NULL,0,0,9),(104,'motivate',NULL,0,0,5),(104,'motivation',NULL,0,0,5),(80,'move',NULL,0,0,6),(79,'movement',NULL,0,0,5),(80,'moving',NULL,0,0,6),(29,'negotiate',NULL,0,0,7),(29,'negotiating',NULL,0,0,7),(29,'negotiation',NULL,0,0,7),(13,'notate',NULL,0,0,0),(13,'notating',NULL,0,0,0),(13,'notation',NULL,0,0,0),(5,'note',NULL,0,0,1),(33,'notice',NULL,0,0,8),(33,'noticing',NULL,0,0,8),(5,'noting',NULL,0,0,1),(30,'object',NULL,0,0,5),(30,'objecting',NULL,0,0,5),(30,'objection',NULL,0,0,5),(51,'observation',NULL,0,0,5),(51,'observe',NULL,0,0,5),(51,'observing',NULL,0,0,5),(71,'obtain',NULL,0,0,3),(71,'obtaining',NULL,0,0,3),(71,'obtainment',NULL,0,0,3),(79,'occur',NULL,0,0,5),(79,'occurrence',NULL,0,0,5),(79,'occurring',NULL,0,0,5),(31,'offend',NULL,0,0,5),(31,'offending',NULL,0,0,5),(31,'offense',NULL,0,0,5),(19,'offering',5,6,0,0),(27,'operate',NULL,0,0,0),(27,'operating',NULL,0,0,0),(27,'operation',NULL,0,0,0),(30,'oppose',NULL,0,0,5),(30,'opposing',NULL,0,0,5),(30,'opposition',NULL,0,0,5),(32,'order',NULL,0,0,0),(32,'ordering',NULL,0,0,0),(115,'outfit',NULL,0,0,8),(115,'outfitting',NULL,0,0,8),(110,'outlash',NULL,0,0,5),(110,'outlashing',NULL,0,0,5),(93,'overlap',NULL,0,0,5),(93,'overlapping',NULL,0,0,5),(57,'pause',NULL,0,0,5),(57,'pausing',NULL,0,0,5),(34,'perform',NULL,0,0,1),(34,'performance',NULL,0,0,1),(34,'performing',NULL,0,0,1),(25,'persecute',NULL,0,0,5),(25,'persecuting',NULL,0,0,5),(106,'persist',NULL,0,0,2),(106,'persistence',NULL,0,0,2),(106,'persisting',NULL,0,0,2),(92,'pester',NULL,0,0,8),(92,'pestering',NULL,0,0,8),(35,'plan',NULL,0,0,8),(35,'planning',NULL,0,0,8),(14,'plea',NULL,0,0,2),(14,'pleading',NULL,0,0,2),(25,'plight',NULL,0,0,5),(25,'plighting',NULL,0,0,5),(36,'plot',NULL,0,0,7),(36,'plotting',NULL,0,0,7),(81,'point',NULL,0,0,5),(81,'pointing',NULL,0,0,5),(81,'poise',NULL,0,0,5),(81,'poising',NULL,0,0,5),(81,'port',NULL,0,0,5),(81,'porting',NULL,0,0,5),(37,'portray',NULL,0,0,2),(37,'portrayal',NULL,0,0,2),(37,'portraying',NULL,0,0,2),(115,'practice',NULL,0,0,8),(115,'practicing',NULL,0,0,8),(6,'prefer',NULL,0,0,6),(6,'preference',NULL,0,0,6),(6,'preferring',NULL,0,0,6),(19,'present',NULL,0,0,0),(19,'presentation',NULL,0,0,0),(19,'presenting',NULL,0,0,0),(38,'preservation',NULL,0,0,1),(38,'preserve',NULL,0,1,1),(38,'preserving',NULL,0,1,1),(59,'preside',NULL,0,0,9),(59,'presiding',NULL,0,0,9),(20,'pressure',NULL,0,0,0),(20,'pressuring',NULL,0,0,0),(33,'probe',NULL,0,0,8),(33,'probing',NULL,0,0,8),(39,'procedure',NULL,0,0,6),(39,'proceed',NULL,0,0,6),(39,'proceeding',NULL,0,0,6),(19,'produce',NULL,0,0,0),(19,'producing',NULL,0,0,0),(19,'production',NULL,0,0,0),(119,'profit',NULL,0,0,3),(119,'profiting',NULL,0,0,3),(69,'prolong',NULL,0,0,8),(69,'prolonging',NULL,0,0,8),(102,'promote',NULL,0,0,6),(102,'promoting',NULL,0,0,6),(102,'promotion',NULL,0,0,6),(12,'protect',NULL,0,0,5),(12,'protecting',NULL,0,0,5),(12,'protection',NULL,0,0,5),(118,'provide',NULL,0,0,0),(118,'providing',NULL,0,0,0),(105,'pull',NULL,0,0,5),(105,'pulling',NULL,0,0,5),(25,'punish',NULL,0,0,5),(25,'punishing',NULL,0,0,5),(25,'punishment',NULL,0,0,5),(1,'pursue',NULL,0,0,3),(1,'pursuing',NULL,0,0,3),(1,'pursuit',NULL,0,0,3),(1,'push',NULL,0,0,5),(25,'push around',NULL,0,0,5),(1,'pushing',NULL,0,0,5),(25,'pushing around',NULL,0,0,5),(98,'qualification',NULL,0,0,8),(98,'qualify',NULL,0,0,8),(98,'qualifying',NULL,0,0,8),(97,'quantification',NULL,0,0,9),(97,'quantify',NULL,0,0,9),(97,'quantifying',NULL,0,0,9),(40,'query',NULL,0,0,8),(40,'querying',NULL,0,0,8),(57,'quiver',NULL,0,0,5),(57,'quivering',NULL,0,0,5),(114,'radiate',NULL,0,0,9),(114,'radiating',NULL,0,0,9),(110,'rage',NULL,0,0,5),(110,'raging',NULL,0,0,5),(79,'re-occur',4,10,0,5),(43,'realization',NULL,0,0,9),(43,'realize',NULL,0,0,9),(43,'realizing',NULL,0,0,9),(4,'reason',NULL,0,0,2),(4,'reasoning',NULL,0,0,2),(41,'reclaim',NULL,0,0,1),(41,'reclaiming',NULL,0,0,1),(41,'reclamation',NULL,0,0,1),(42,'recognition',NULL,0,0,8),(42,'recognize',NULL,0,0,8),(42,'recognizing',NULL,0,0,8),(108,'reduce',NULL,0,0,5),(108,'reducing',NULL,0,0,5),(108,'reduction',NULL,0,0,5),(28,'refine',NULL,0,0,9),(28,'refinement',NULL,0,0,9),(28,'refining',NULL,0,0,9),(117,'refresh',NULL,0,0,1),(117,'refreshing',NULL,0,0,1),(116,'reinstate',NULL,0,0,5),(116,'reinstating',NULL,0,0,5),(8,'relate',NULL,0,0,8),(8,'relating',NULL,0,0,8),(59,'remain',NULL,0,0,9),(59,'remaining',NULL,0,0,9),(33,'remember',NULL,0,0,8),(33,'remembering',NULL,0,0,8),(44,'remove',NULL,0,0,0),(44,'removing',NULL,0,0,0),(116,'renew',NULL,0,0,5),(116,'renewing',NULL,0,0,5),(116,'repair',NULL,0,0,5),(116,'repairing',NULL,0,0,5),(44,'repeal',NULL,0,0,0),(44,'repealing',NULL,0,0,0),(45,'represent',NULL,0,0,9),(45,'representation',NULL,0,0,9),(45,'representing',NULL,0,0,9),(46,'request',NULL,0,0,9),(46,'requesting',NULL,0,0,9),(30,'resist',NULL,0,0,5),(30,'resistance',NULL,0,0,5),(30,'resisting',NULL,0,0,5),(87,'resolve',NULL,0,0,5),(87,'resolving',NULL,0,0,5),(116,'restore',NULL,0,0,5),(116,'restoring',NULL,0,0,5),(48,'retract',NULL,0,0,5),(48,'retracting',NULL,0,0,5),(48,'retraction',NULL,0,0,5),(82,'return',NULL,0,0,3),(82,'returning',NULL,0,0,3),(49,'revise',NULL,0,0,9),(49,'revising',NULL,0,0,9),(49,'revision',NULL,0,0,9),(81,'run',NULL,0,0,5),(81,'running',NULL,0,0,5),(1,'saturate',NULL,0,0,5),(1,'saturating',NULL,0,0,5),(81,'saunter',NULL,0,0,5),(81,'sauntering',NULL,0,0,5),(72,'say',NULL,0,0,9),(72,'saying',NULL,0,0,9),(108,'scale down',NULL,0,0,5),(108,'scale smaller',NULL,0,0,5),(108,'scaling down',NULL,0,0,5),(108,'scaling smaller',NULL,0,0,5),(83,'scam',NULL,0,0,9),(83,'scamming',NULL,0,0,9),(81,'scamper',NULL,0,0,5),(81,'scampering',NULL,0,0,5),(8,'scan',NULL,0,0,8),(8,'scanning',NULL,0,0,8),(81,'scramble',NULL,0,0,5),(81,'scrambling',NULL,0,0,5),(50,'search',NULL,0,0,6),(50,'searching',NULL,0,0,6),(51,'see',NULL,0,0,5),(51,'seeing',NULL,0,0,5),(52,'seethe',NULL,0,0,5),(52,'seething',NULL,0,0,5),(6,'select',NULL,0,0,6),(6,'selecting',NULL,0,0,6),(6,'selection',NULL,0,0,6),(43,'sensation',NULL,0,0,9),(43,'sense',NULL,0,0,9),(43,'sensing',NULL,0,0,9),(53,'settle',NULL,0,0,8),(53,'settling',NULL,0,0,8),(114,'shine',NULL,0,0,9),(114,'shining',NULL,0,0,9),(54,'ship',NULL,0,0,1),(54,'shipment',NULL,0,0,1),(54,'shipping',NULL,0,0,1),(114,'show',NULL,0,0,9),(114,'showing',NULL,0,0,9),(108,'shrink',NULL,0,0,5),(108,'shrinking',NULL,0,0,5),(55,'shuffle',NULL,0,0,0),(55,'shuffling',NULL,0,0,0),(4,'signify',NULL,0,0,2),(4,'signifying',NULL,0,0,2),(17,'slave',NULL,0,0,5),(17,'slaving',NULL,0,0,5),(81,'snap',NULL,0,0,5),(81,'snapping',NULL,0,0,5),(117,'spark',NULL,0,0,1),(117,'sparking',NULL,0,0,1),(72,'speak',NULL,0,0,9),(72,'speaking',NULL,0,0,9),(117,'spice',NULL,0,0,1),(117,'spicing',NULL,0,0,1),(107,'spread',NULL,0,0,1),(107,'spreading',NULL,0,0,1),(81,'spring',NULL,0,0,5),(81,'springing',NULL,0,0,5),(57,'squirm',NULL,0,0,5),(57,'squirming',NULL,0,0,5),(58,'stammer',NULL,0,0,0),(58,'stammering',NULL,0,0,0),(59,'stand',NULL,0,0,9),(59,'standing',NULL,0,0,9),(60,'start',NULL,0,1,6),(60,'starting',NULL,0,1,6),(59,'stay',NULL,0,1,9),(59,'staying',NULL,0,1,9),(61,'steam',NULL,0,0,5),(61,'steaming',NULL,0,0,5),(81,'step',NULL,0,0,5),(81,'stepping',NULL,0,0,5),(62,'stimulate',NULL,0,0,5),(62,'stimulating',NULL,0,0,5),(62,'stimulation',NULL,0,0,5),(63,'stipulate',NULL,0,0,8),(63,'stipulating',NULL,0,0,8),(63,'stipulation',NULL,0,0,8),(81,'stop',NULL,0,1,5),(81,'stopping',NULL,0,0,5),(81,'strafe',NULL,0,0,5),(81,'strafing',NULL,0,0,5),(65,'strain',NULL,0,0,8),(65,'straining',NULL,0,0,8),(66,'streak',NULL,0,0,9),(66,'streaking',NULL,0,0,9),(64,'strengthen',NULL,0,0,7),(64,'strengthening',NULL,0,0,7),(65,'stress',NULL,0,0,8),(65,'stressing',NULL,0,0,8),(81,'stride',NULL,0,0,5),(81,'striding',NULL,0,0,5),(90,'strive',NULL,0,0,2),(90,'striving',NULL,0,0,2),(103,'subjugate',NULL,0,0,8),(103,'subjugating',NULL,0,0,8),(19,'submission',NULL,0,0,0),(19,'submit',NULL,0,0,0),(19,'submitting',NULL,0,0,0),(67,'subsidization',NULL,0,0,7),(67,'subsidize',NULL,0,0,7),(67,'subsidizing',NULL,0,0,7),(68,'substantiate',NULL,0,0,3),(68,'substantiating',NULL,0,0,3),(68,'substantiation',NULL,0,0,3),(46,'supplicate',NULL,0,0,9),(46,'supplicating',NULL,0,0,9),(118,'supply',NULL,0,0,0),(118,'supplying',NULL,0,0,0),(101,'support',NULL,0,0,5),(101,'supporting',NULL,0,0,5),(69,'sustain',NULL,0,0,8),(69,'sustaining',NULL,0,0,8),(69,'sustainment',NULL,0,0,8),(70,'sway',NULL,0,0,5),(55,'sway back and forth',NULL,0,0,0),(70,'swaying',NULL,0,0,5),(55,'swaying back and forth',NULL,0,0,0),(83,'swindle',NULL,0,0,9),(83,'swindling',NULL,0,0,9),(71,'take',NULL,0,0,3),(108,'take away',NULL,0,0,5),(108,'take more away',NULL,0,0,5),(79,'take place',NULL,0,1,5),(119,'take revenue',NULL,0,0,3),(71,'taking',NULL,0,0,3),(108,'taking away',NULL,0,0,5),(108,'taking more away',NULL,0,0,5),(79,'taking place',NULL,0,1,5),(119,'taking revenue',NULL,0,0,3),(72,'talk',NULL,0,0,9),(72,'talking',NULL,0,0,9),(65,'tax',NULL,0,0,8),(65,'taxing',NULL,0,0,8),(25,'tease',NULL,0,0,5),(25,'teasing',NULL,0,0,5),(72,'tell',NULL,0,0,9),(72,'telling',NULL,0,0,9),(73,'tend',NULL,0,0,6),(73,'tending',NULL,0,0,6),(74,'think',NULL,0,0,9),(74,'thinking',NULL,0,0,9),(74,'thought',NULL,0,0,9),(76,'thrill',NULL,0,0,5),(76,'thrilling',NULL,0,0,5),(65,'tire',NULL,0,0,8),(65,'tiring',NULL,0,0,8),(17,'toil',NULL,0,0,5),(17,'toiling',NULL,0,0,5),(77,'toss',NULL,0,0,5),(77,'tossing',NULL,0,0,5),(78,'trail',NULL,0,0,5),(78,'trailing',NULL,0,0,5),(54,'transfer',NULL,0,0,1),(54,'transferring',NULL,0,0,1),(79,'transition',11,9,0,5),(79,'transitioning',NULL,0,0,5),(81,'transport',NULL,0,0,5),(81,'transporting',NULL,0,0,5),(71,'trap',NULL,0,0,3),(71,'trapping',NULL,0,0,3),(80,'travel',NULL,0,0,6),(80,'traveling',NULL,0,0,6),(57,'tremble',NULL,0,0,5),(57,'trembling',NULL,0,0,5),(83,'trick',NULL,0,0,9),(83,'tricking',NULL,0,0,9),(25,'trouble',NULL,0,0,5),(25,'troubling',NULL,0,0,5),(84,'try',NULL,0,0,6),(84,'trying',NULL,0,0,6),(86,'tumble',NULL,0,0,5),(86,'tumbling',NULL,0,0,5),(85,'turn',NULL,0,0,5),(85,'turning',NULL,0,0,5),(87,'unbind',NULL,0,0,5),(87,'unbinding',NULL,0,0,5),(30,'undermine',NULL,0,0,5),(30,'undermining',NULL,0,0,5),(1,'undertake',NULL,0,0,5),(1,'undertaking',NULL,0,0,5),(87,'unfasten',NULL,0,0,5),(87,'unfastening',NULL,0,0,5),(87,'unleash',NULL,0,0,5),(87,'unleashing',NULL,0,0,5),(87,'unlock',NULL,0,0,5),(87,'unlocking',NULL,0,0,5),(25,'upset',NULL,0,0,5),(25,'upsetting',NULL,0,0,5),(8,'used',NULL,0,0,8),(88,'usher',NULL,0,0,4),(88,'ushering',NULL,0,0,4),(28,'variance',NULL,0,0,9),(28,'vary',NULL,0,0,9),(28,'varying',NULL,0,0,9),(31,'violate',NULL,0,0,5),(31,'violating',NULL,0,0,5),(31,'violation',NULL,0,0,5),(72,'voice',NULL,0,0,9),(72,'voicing',NULL,0,0,9),(89,'waiver',NULL,0,0,0),(81,'walk',NULL,0,0,5),(81,'walking',NULL,0,0,5),(90,'want',NULL,0,0,2),(90,'wanting',NULL,0,0,2),(51,'watch',NULL,0,0,5),(51,'watching',NULL,0,0,5),(89,'wavering',NULL,0,0,0),(65,'wear down',NULL,0,0,8),(65,'wearing down',NULL,0,0,8),(56,'weave',NULL,0,0,5),(93,'weave together',NULL,0,0,5),(56,'weaving',NULL,0,0,5),(93,'weaving together',NULL,0,0,5),(81,'wheel',NULL,0,0,5),(81,'wheeling',NULL,0,0,5),(90,'wish',NULL,0,0,2),(90,'wishing',NULL,0,0,2),(91,'withstand',NULL,0,0,4),(91,'withstanding',NULL,0,0,4),(92,'worry',NULL,0,0,8),(92,'worrying',NULL,0,0,8),(93,'wrap',NULL,0,0,5),(93,'wrapping',NULL,0,0,5),(57,'wrench',NULL,0,0,5),(57,'wrenching',NULL,0,0,5),(8,'write',NULL,0,0,8),(8,'writing',NULL,0,0,8),(31,'wrong',NULL,0,0,5),(31,'wronging',NULL,0,0,5),(20,'zonk',9,5,0,0);
/*!40000 ALTER TABLE `event2_sub` ENABLE KEYS */;
UNLOCK TABLES;

--
-- Table structure for table `event3_sub`
--

DROP TABLE IF EXISTS `event3_sub`;
/*!40101 SET @saved_cs_client     = @@character_set_client */;
/*!40101 SET character_set_client = utf8 */;
CREATE TABLE `event3_sub` (
  `e2_id` smallint(6) NOT NULL,
  `entry` varchar(45) NOT NULL,
  `num_Sub_items` smallint(6) NOT NULL,
  `futActInd` tinyint(4) NOT NULL,
  `Action_type` smallint(6) NOT NULL,
  PRIMARY KEY (`entry`)
) ENGINE=InnoDB DEFAULT CHARSET=utf8;
/*!40101 SET character_set_client = @saved_cs_client */;

--
-- Dumping data for table `event3_sub`
--

LOCK TABLES `event3_sub` WRITE;
/*!40000 ALTER TABLE `event3_sub` DISABLE KEYS */;
INSERT INTO `event3_sub` VALUES (13,'accomplish',0,0,5),(13,'accomplishing',0,0,5),(13,'accomplishment',0,0,5),(6,'administer acumen',0,0,0),(7,'admiration',0,0,8),(7,'admire',0,0,8),(7,'admiring',0,0,8),(10,'alarm',0,0,0),(10,'alarming',0,0,0),(6,'announce',0,0,0),(7,'appreciate',0,0,8),(7,'appreciating',0,0,8),(7,'appreciation',0,0,8),(6,'appropriate over',0,0,0),(8,'assemble',0,0,0),(1,'attend',0,0,5),(1,'attending',0,0,5),(6,'better use of talent',0,0,0),(9,'bombard',0,0,0),(9,'bombarding',0,0,0),(13,'carry out',0,0,5),(13,'carrying out',0,0,5),(8,'compose',0,0,0),(8,'composing',0,0,0),(8,'composition',0,0,0),(6,'confer garnish',0,0,0),(10,'confound',0,0,0),(10,'confounding',0,0,0),(6,'consult',0,0,0),(6,'consulting',0,0,0),(8,'contrast',0,0,0),(8,'contrasting',0,0,0),(1,'cook',0,0,5),(1,'cooking',0,0,5),(8,'design',0,0,0),(8,'designing',0,0,0),(10,'devastate',0,0,0),(10,'devastating',0,0,0),(10,'devastation',0,0,0),(13,'excell',0,0,5),(13,'excelling',0,0,5),(13,'execute',0,0,5),(6,'execute virtuously',0,0,0),(13,'executing',0,0,5),(13,'execution',0,0,5),(11,'fall',0,0,0),(11,'falling',0,0,0),(12,'flaunt',0,0,5),(12,'flaunting',0,0,5),(12,'flourish',0,0,5),(12,'flourishing',0,0,5),(10,'frighten',0,0,0),(10,'frightening',0,0,0),(6,'further apportionment',0,0,0),(6,'go match',0,0,0),(6,'go match to',0,0,0),(6,'grade concern',0,0,0),(7,'honor',0,0,8),(7,'honoring',0,0,8),(10,'horrify',0,0,0),(10,'horrifying',0,0,0),(10,'horror',0,0,0),(6,'impeccable like',0,0,0),(12,'impress',0,0,5),(12,'impressing',0,0,5),(6,'indicate necessity',0,0,0),(10,'intimidate',0,0,0),(10,'intimidating',0,0,0),(10,'intimidation',0,0,0),(1,'labor',0,0,5),(1,'laboring',0,0,5),(11,'motion',0,0,0),(11,'motioning',0,0,0),(5,'offer',0,0,5),(6,'offer advancement',0,0,0),(6,'offer an advancement',0,0,0),(5,'offering',0,0,5),(2,'pile up',0,0,5),(2,'piling up',0,0,5),(6,'polishing marvel',0,0,0),(6,'proctor assurance',0,0,0),(5,'propose',0,0,5),(5,'proposing',0,0,5),(4,'re-hand',0,0,5),(4,'re-handing',0,0,5),(4,'re-hang',0,0,5),(4,'re-hanging',0,0,5),(4,'re-occur',0,0,5),(4,'re-occurrence',0,0,5),(4,'re-occurring',0,0,5),(5,'recommend',0,0,5),(5,'recommending',0,0,5),(6,'redound character',0,0,0),(6,'relate and recast',0,0,0),(4,'repeat',0,1,5),(4,'repeating',0,1,5),(4,'repetition',0,1,5),(10,'scare',0,0,0),(10,'scaring',0,0,0),(1,'secure',0,0,5),(1,'securing',0,0,5),(11,'shift',0,0,0),(11,'shifting',0,0,0),(9,'shock',0,0,0),(11,'stop',0,1,0),(11,'stopping',0,1,0),(11,'transition',0,0,0),(11,'transitioning',0,0,0),(6,'tweak application',0,0,0),(6,'use of talent',0,0,0),(2,'use up',0,0,5),(2,'using up',0,0,5),(6,'visioning',0,0,0),(3,'water',0,0,1),(3,'watering',0,0,1),(9,'zonk',0,0,0),(9,'zonking',0,0,0);
/*!40000 ALTER TABLE `event3_sub` ENABLE KEYS */;
UNLOCK TABLES;

--
-- Table structure for table `objects_aspects`
--

DROP TABLE IF EXISTS `objects_aspects`;
/*!40101 SET @saved_cs_client     = @@character_set_client */;
/*!40101 SET character_set_client = utf8 */;
CREATE TABLE `objects_aspects` (
  `mCode` smallint(6) NOT NULL,
  `Description` varchar(45) NOT NULL,
  `num_Sub_items` smallint(6) NOT NULL,
  `s1_id` smallint(6) DEFAULT NULL,
  PRIMARY KEY (`mCode`)
) ENGINE=InnoDB DEFAULT CHARSET=utf8;
/*!40101 SET character_set_client = @saved_cs_client */;

--
-- Dumping data for table `objects_aspects`
--

LOCK TABLES `objects_aspects` WRITE;
/*!40000 ALTER TABLE `objects_aspects` DISABLE KEYS */;
INSERT INTO `objects_aspects` VALUES (1,'availability',6,NULL),(2,'scenario',18,NULL),(3,'mind',75,NULL),(4,'entity',194,NULL),(5,'admitted entity',7,NULL),(6,'utilization',8,NULL),(7,'containment',4,NULL),(8,'assertiveness',6,NULL),(9,'capability',9,NULL),(10,'quality',150,NULL),(11,'criteria',68,NULL),(12,'compelling',4,NULL),(13,'compliment',23,NULL),(14,'contentment',16,NULL),(15,'control',3,NULL),(16,'culture',4,NULL),(17,'time',17,NULL),(18,'easeability',3,NULL),(19,'effort',5,NULL),(20,'electiveness',1,NULL),(21,'[blank] entity description',27,NULL),(22,'[a specific] entity',29,NULL),(23,'evidence',2,NULL),(24,'excitement',4,NULL),(25,'exemption',6,NULL),(26,'exit',1,NULL),(27,'expanse',1,NULL),(28,'externalization',1,NULL),(29,'field',1,NULL),(30,'fondness',7,NULL),(31,'fufillable',14,NULL),(32,'pursuit',8,NULL),(33,'haphazard',9,NULL),(34,'help',9,NULL),(35,'helpful',5,NULL),(36,'helpless',1,NULL),(37,'how',3,NULL),(38,'idea',6,NULL),(39,'ill',48,NULL),(40,'rebellious',17,NULL),(41,'\'act intensity\'',39,NULL),(42,'intonation',6,NULL),(43,'issue',9,NULL),(44,'item',77,NULL),(45,'itemization',1,NULL),(46,'life',2,NULL),(47,'location',81,NULL),(48,'misapprehension',1,NULL),(49,'modification',7,NULL),(50,'motivation',13,NULL),(51,'negative',25,NULL),(52,'nondescriptive',1,NULL),(53,'objection',13,NULL),(54,'one',15,NULL),(55,'oppresive',1,NULL),(56,'other',1,NULL),(57,'outcome',10,NULL),(58,'outfitting',14,NULL),(59,'outstanding',5,NULL),(60,'outlook',5,NULL),(61,'overview',2,NULL),(62,'part',14,NULL),(63,'people',2,NULL),(64,'perception',9,NULL),(65,'additional items',4,NULL),(66,'person',7,NULL),(67,'pertain',1,NULL),(68,'perusal',1,NULL),(69,'plan',14,NULL),(70,'plot',1,NULL),(71,'positive',9,NULL),(72,'prevalence',31,NULL),(73,'primitive',4,NULL),(74,'professional',8,NULL),(75,'providable',4,NULL),(76,'provision',9,NULL),(77,'pure',9,NULL),(78,'purely',5,NULL),(79,'refutation',6,NULL),(80,'remembrance',8,NULL),(81,'report',16,NULL),(82,'discord',69,NULL),(83,'right',25,NULL),(84,'self-improvement',10,NULL),(85,'standard',25,NULL),(86,'stander',1,NULL),(87,'stickler',6,NULL),(88,'suppression',3,NULL),(89,'transition',5,NULL),(90,'unempirical',5,NULL),(91,'useful',9,NULL),(92,'exhaustion',9,NULL),(93,'wrought',37,NULL),(94,'framed concern',100,NULL),(95,'safe',10,NULL),(96,'supervision',5,NULL),(97,'designation',12,NULL);
/*!40000 ALTER TABLE `objects_aspects` ENABLE KEYS */;
UNLOCK TABLES;

--
-- Table structure for table `objects_aspects_desc0`
--

DROP TABLE IF EXISTS `objects_aspects_desc0`;
/*!40101 SET @saved_cs_client     = @@character_set_client */;
/*!40101 SET character_set_client = utf8 */;
CREATE TABLE `objects_aspects_desc0` (
  `mCode` smallint(6) NOT NULL,
  `Description` varchar(45) NOT NULL,
  `num_Sub_items` smallint(6) NOT NULL,
  `s2_id` smallint(6) DEFAULT NULL,
  `m2Code` varchar(45) DEFAULT NULL,
  `singularNoun` smallint(6) DEFAULT NULL,
  PRIMARY KEY (`Description`)
) ENGINE=InnoDB DEFAULT CHARSET=utf8;
/*!40101 SET character_set_client = @saved_cs_client */;

--
-- Dumping data for table `objects_aspects_desc0`
--

LOCK TABLES `objects_aspects_desc0` WRITE;
/*!40000 ALTER TABLE `objects_aspects_desc0` DISABLE KEYS */;
INSERT INTO `objects_aspects_desc0` VALUES (1,'(great) potential',0,NULL,NULL,NULL),(53,'a fight against',0,NULL,NULL,NULL),(83,'a proper suggestion',0,NULL,NULL,NULL),(83,'a real fact',0,NULL,NULL,NULL),(83,'a valid configuration',0,NULL,NULL,NULL),(51,'abuse',0,NULL,NULL,NULL),(51,'abused',0,NULL,NULL,NULL),(51,'abusive',0,NULL,NULL,NULL),(5,'acceptance',7,NULL,'2',NULL),(21,'accesory',0,NULL,NULL,NULL),(13,'accommodate',0,NULL,NULL,NULL),(13,'accommodated',0,NULL,NULL,NULL),(13,'accommodation',0,NULL,NULL,NULL),(65,'accompaniment',0,NULL,NULL,NULL),(31,'accomplishable',0,NULL,NULL,NULL),(21,'accumulation',0,NULL,NULL,NULL),(83,'accurate inference',0,NULL,NULL,NULL),(31,'achievable',0,NULL,NULL,NULL),(57,'achievement',0,NULL,NULL,0),(31,'acquire-able',0,NULL,NULL,NULL),(41,'act intensity',0,NULL,NULL,NULL),(10,'active',0,NULL,NULL,NULL),(32,'activity',0,NULL,NULL,NULL),(72,'acute',0,NULL,NULL,NULL),(41,'adamant',0,NULL,NULL,NULL),(41,'adamantly',0,NULL,NULL,NULL),(9,'adaptive',0,NULL,NULL,NULL),(21,'addition',0,NULL,NULL,NULL),(21,'additional',0,NULL,NULL,NULL),(5,'adherence',0,NULL,NULL,NULL),(30,'admiration',0,NULL,NULL,NULL),(9,'adventurous',0,NULL,NULL,NULL),(34,'advice',0,NULL,NULL,NULL),(66,'adviser',0,NULL,NULL,NULL),(81,'advisor',0,NULL,NULL,NULL),(71,'affirm',0,NULL,NULL,NULL),(71,'affirmative',0,NULL,NULL,NULL),(94,'against',2,NULL,'53',NULL),(34,'aid',0,NULL,NULL,NULL),(50,'aim',0,NULL,NULL,NULL),(42,'air',0,NULL,NULL,NULL),(7,'alone',0,NULL,NULL,NULL),(7,'aloneness',0,NULL,NULL,NULL),(49,'alteration',0,NULL,NULL,NULL),(21,'alternative',0,NULL,NULL,NULL),(41,'ambitious',0,NULL,NULL,NULL),(41,'ambitiously',0,NULL,NULL,NULL),(3,'amusement',0,NULL,NULL,NULL),(47,'annexation',7,NULL,'24',NULL),(82,'annoyance',0,NULL,NULL,NULL),(82,'annoyed',0,NULL,NULL,NULL),(64,'anticipation',0,NULL,NULL,NULL),(66,'anybody',0,NULL,NULL,NULL),(66,'anyone',0,NULL,NULL,NULL),(43,'anything difficult',0,NULL,NULL,NULL),(51,'appalled',0,NULL,NULL,NULL),(51,'appalling',0,NULL,NULL,NULL),(91,'applicability',0,NULL,NULL,NULL),(6,'application',0,NULL,NULL,NULL),(13,'appreciate',0,NULL,NULL,NULL),(13,'appreciated',0,NULL,NULL,NULL),(13,'appreciation',0,NULL,NULL,NULL),(13,'appreciative',0,NULL,NULL,NULL),(69,'approach or wish',0,NULL,NULL,NULL),(83,'appropriate',0,NULL,NULL,NULL),(12,'appropriately direct',0,NULL,NULL,NULL),(12,'appropriately directed',0,NULL,NULL,NULL),(76,'appropriation',0,NULL,NULL,NULL),(5,'approval',0,NULL,NULL,NULL),(22,'area',5,NULL,'14',NULL),(47,'around',0,NULL,NULL,NULL),(16,'aspects of some population',0,NULL,NULL,NULL),(50,'aspire',0,NULL,NULL,NULL),(50,'aspired',0,NULL,NULL,NULL),(8,'assertive',0,NULL,NULL,NULL),(8,'assertiveness',0,NULL,NULL,NULL),(32,'assignment',0,NULL,NULL,NULL),(34,'assistance',0,NULL,NULL,NULL),(3,'attention',0,NULL,NULL,NULL),(3,'attentive',0,NULL,NULL,NULL),(42,'attitude',0,NULL,NULL,NULL),(62,'attribute',0,NULL,NULL,NULL),(77,'authentic',0,NULL,NULL,NULL),(78,'authentically',0,NULL,NULL,NULL),(1,'availability',0,NULL,NULL,NULL),(1,'available',0,NULL,NULL,NULL),(13,'awesome',0,NULL,NULL,NULL),(82,'awful position',0,NULL,NULL,NULL),(88,'awkward interacting',0,NULL,NULL,NULL),(66,'baby',0,NULL,NULL,NULL),(47,'background',0,NULL,NULL,NULL),(39,'bad',0,NULL,NULL,NULL),(82,'bad position',0,NULL,NULL,NULL),(10,'balance',0,NULL,NULL,NULL),(10,'balanced',0,NULL,NULL,NULL),(22,'base',10,NULL,'15',NULL),(90,'base no evidence',0,NULL,NULL,NULL),(85,'basic functionality',0,NULL,NULL,NULL),(59,'be apart',0,NULL,NULL,NULL),(31,'bearable',0,NULL,NULL,NULL),(3,'bearing',4,NULL,'58',NULL),(47,'behind',0,NULL,NULL,NULL),(22,'belonging',2,NULL,'17',NULL),(35,'beneficial',0,NULL,NULL,NULL),(34,'benefit',0,NULL,NULL,NULL),(82,'betray',0,NULL,NULL,NULL),(82,'betrayed',0,NULL,NULL,NULL),(82,'betraying',0,NULL,NULL,NULL),(21,'blank entity',0,NULL,NULL,NULL),(53,'block',0,NULL,NULL,NULL),(66,'boy',0,NULL,NULL,NULL),(10,'brash',0,NULL,NULL,NULL),(81,'bring fact',0,NULL,NULL,NULL),(41,'brisk',0,NULL,NULL,NULL),(41,'briskly',0,NULL,NULL,NULL),(66,'brother',0,NULL,NULL,NULL),(21,'bundle',0,NULL,NULL,NULL),(47,'by',4,NULL,'25',NULL),(9,'capability',0,NULL,NULL,NULL),(9,'capable',0,NULL,NULL,NULL),(21,'cast',0,NULL,NULL,NULL),(43,'cause',0,NULL,NULL,NULL),(47,'central',0,NULL,NULL,NULL),(10,'certain',0,NULL,NULL,NULL),(10,'certainty',0,NULL,NULL,NULL),(41,'challenging',0,NULL,NULL,NULL),(49,'change',0,NULL,NULL,NULL),(96,'checked',0,NULL,NULL,NULL),(14,'cheer',0,NULL,NULL,NULL),(66,'chef',0,NULL,NULL,NULL),(66,'child',0,NULL,NULL,NULL),(62,'chosen',0,NULL,NULL,NULL),(47,'city',0,NULL,NULL,NULL),(10,'clean',0,NULL,NULL,NULL),(10,'cleanness',0,NULL,NULL,NULL),(11,'clutter',0,NULL,NULL,NULL),(10,'cluttered',0,NULL,NULL,NULL),(21,'collection',0,NULL,NULL,NULL),(4,'comment',6,NULL,'3',NULL),(4,'commission',0,NULL,NULL,NULL),(11,'commitment',9,NULL,'4',NULL),(76,'commodity',0,NULL,NULL,NULL),(85,'common implementation',0,NULL,NULL,NULL),(85,'common sense',14,NULL,'51',NULL),(85,'common useful model',0,NULL,NULL,NULL),(4,'communication',14,NULL,'8',NULL),(12,'compelling',0,NULL,NULL,NULL),(49,'compensate',0,NULL,NULL,NULL),(49,'compensated',0,NULL,NULL,NULL),(49,'compensation',0,NULL,NULL,NULL),(65,'complement accessory',0,NULL,NULL,NULL),(31,'complete-able',0,NULL,NULL,NULL),(10,'complicate',0,NULL,NULL,NULL),(10,'complicated',0,NULL,NULL,NULL),(10,'complication',0,NULL,NULL,NULL),(13,'compliment',0,NULL,NULL,NULL),(62,'component',0,NULL,NULL,NULL),(44,'compound',0,NULL,NULL,NULL),(82,'compromise of safety',0,NULL,NULL,NULL),(38,'concept',0,NULL,NULL,NULL),(94,'concern',0,NULL,NULL,NULL),(2,'condition',0,NULL,NULL,NULL),(81,'conference meeting',0,NULL,NULL,NULL),(2,'configuration',0,NULL,NULL,NULL),(83,'configured validly',0,NULL,NULL,NULL),(11,'conformity',10,NULL,'6',NULL),(71,'considerable',0,NULL,NULL,NULL),(35,'considerate',0,NULL,NULL,NULL),(62,'constituent',0,NULL,NULL,NULL),(3,'contemplation',0,NULL,NULL,NULL),(3,'contemplative',0,NULL,NULL,NULL),(14,'content',7,NULL,'7',NULL),(14,'contentment',0,NULL,NULL,NULL),(10,'continuance',0,NULL,NULL,NULL),(10,'contrast',0,NULL,NULL,NULL),(10,'contrasted',0,NULL,NULL,NULL),(79,'contrasting views',0,NULL,NULL,NULL),(15,'control',0,NULL,NULL,NULL),(18,'convenience',0,NULL,NULL,NULL),(18,'convenient',0,NULL,NULL,NULL),(38,'convention',0,NULL,NULL,NULL),(8,'convincing',0,NULL,NULL,NULL),(13,'cool',0,NULL,NULL,NULL),(13,'cooler',0,NULL,NULL,NULL),(13,'coolest',0,NULL,NULL,NULL),(73,'core',0,NULL,NULL,NULL),(83,'correct',0,NULL,NULL,NULL),(53,'counter',0,NULL,NULL,NULL),(47,'country',0,NULL,NULL,NULL),(4,'creature',10,NULL,'9',NULL),(40,'criminal',0,NULL,NULL,NULL),(11,'criteria',0,NULL,NULL,NULL),(53,'critical of',0,NULL,NULL,NULL),(53,'criticism',0,NULL,NULL,NULL),(22,'cross section',0,NULL,NULL,NULL),(10,'crowd',0,NULL,NULL,NULL),(21,'crowd occurring',0,NULL,NULL,NULL),(10,'crowded',0,NULL,NULL,NULL),(82,'cruel',0,NULL,NULL,NULL),(82,'cruelty',0,NULL,NULL,NULL),(16,'culture',0,NULL,NULL,NULL),(43,'current item',0,NULL,NULL,NULL),(82,'dangerous event',0,NULL,NULL,NULL),(50,'dare',0,NULL,NULL,NULL),(50,'dared',0,NULL,NULL,NULL),(17,'day',0,NULL,NULL,NULL),(30,'dear',0,NULL,NULL,NULL),(30,'dearness',0,NULL,NULL,NULL),(82,'deceive',0,NULL,NULL,NULL),(82,'deceived',0,NULL,NULL,NULL),(82,'deception',0,NULL,NULL,NULL),(10,'decide',0,NULL,NULL,NULL),(10,'decided',0,NULL,NULL,NULL),(83,'defend correctly',0,NULL,NULL,NULL),(83,'defendable argument',0,NULL,NULL,NULL),(40,'defiance',0,NULL,NULL,NULL),(72,'deficient',0,NULL,NULL,NULL),(40,'defied',0,NULL,NULL,NULL),(10,'define',0,NULL,NULL,NULL),(57,'define resolve',0,NULL,NULL,NULL),(10,'defined',0,NULL,NULL,NULL),(57,'defining resolve',0,NULL,NULL,NULL),(14,'delight',0,NULL,NULL,NULL),(4,'deliverer',15,NULL,'10',NULL),(8,'demanding',0,NULL,NULL,NULL),(42,'demeanor',0,NULL,NULL,NULL),(81,'department agent',0,NULL,NULL,NULL),(21,'deposit',0,NULL,NULL,NULL),(97,'designation',0,NULL,NULL,NULL),(50,'desire',0,NULL,NULL,NULL),(62,'detail',0,NULL,NULL,NULL),(37,'details of procedure',0,NULL,NULL,NULL),(51,'deter',0,NULL,NULL,NULL),(19,'determination',0,NULL,NULL,NULL),(51,'deterred',0,NULL,NULL,NULL),(51,'deterrent',0,NULL,NULL,NULL),(51,'deterring',0,NULL,NULL,NULL),(4,'development',0,NULL,NULL,NULL),(39,'difficult',0,NULL,NULL,NULL),(43,'difficult thing',0,NULL,NULL,NULL),(41,'difficultly',0,NULL,NULL,NULL),(43,'difficulty',0,NULL,NULL,NULL),(83,'direction that way',0,NULL,NULL,NULL),(83,'direction to side one looks',0,NULL,NULL,NULL),(10,'dirty',0,NULL,NULL,NULL),(15,'discipline',0,NULL,NULL,NULL),(82,'discord',0,NULL,NULL,NULL),(51,'discourage',0,NULL,NULL,NULL),(51,'discouraging',0,NULL,NULL,NULL),(10,'disdain',7,NULL,'12',NULL),(40,'disobedient',0,NULL,NULL,NULL),(82,'disrespective',0,NULL,NULL,NULL),(40,'dissident',0,NULL,NULL,NULL),(81,'distinct update',0,NULL,NULL,NULL),(82,'disturbance',0,NULL,NULL,NULL),(82,'divisive',0,NULL,NULL,NULL),(31,'doable',0,NULL,NULL,NULL),(44,'document',0,NULL,NULL,NULL),(72,'drastic',0,NULL,NULL,NULL),(82,'drudgery',0,NULL,NULL,NULL),(10,'dusty',0,NULL,NULL,NULL),(4,'duty',0,NULL,NULL,NULL),(18,'easeability',0,NULL,NULL,NULL),(41,'easily',0,NULL,NULL,NULL),(41,'easy',0,NULL,NULL,NULL),(22,'edge',0,NULL,NULL,NULL),(57,'effect',0,NULL,NULL,NULL),(91,'effective',0,NULL,NULL,NULL),(91,'effectiveness',0,NULL,NULL,NULL),(19,'effort',0,NULL,NULL,NULL),(41,'effortless',0,NULL,NULL,NULL),(72,'effuse',0,NULL,NULL,NULL),(20,'electiveness',0,NULL,NULL,NULL),(44,'element',0,NULL,NULL,NULL),(82,'embezzle',0,NULL,NULL,NULL),(82,'embezzled',0,NULL,NULL,NULL),(3,'emotion',18,NULL,'20',NULL),(10,'empty',4,NULL,'11',NULL),(4,'end',3,NULL,'13',NULL),(57,'end factor',0,NULL,NULL,NULL),(57,'end factors',0,NULL,NULL,NULL),(4,'endeavor',0,NULL,NULL,NULL),(47,'ending',0,NULL,NULL,NULL),(57,'ending factor',0,NULL,NULL,NULL),(57,'ending factors',0,NULL,NULL,NULL),(31,'enduring',0,NULL,NULL,NULL),(41,'energetic',0,NULL,NULL,NULL),(41,'energetically',0,NULL,NULL,NULL),(87,'enforcer',0,NULL,NULL,NULL),(32,'engagement',0,NULL,NULL,NULL),(14,'enjoyment',0,NULL,NULL,NULL),(11,'enough',0,NULL,NULL,NULL),(14,'enthusiasm',0,NULL,NULL,NULL),(4,'entity',0,NULL,NULL,NULL),(22,'equipment',0,NULL,NULL,NULL),(34,'essentials',0,NULL,NULL,NULL),(63,'everybody',0,NULL,NULL,NULL),(63,'everyone',0,NULL,NULL,NULL),(23,'evidence',0,NULL,NULL,NULL),(82,'evil',0,NULL,NULL,NULL),(82,'evilness',0,NULL,NULL,NULL),(60,'examination',0,NULL,NULL,NULL),(60,'examine',0,NULL,NULL,NULL),(96,'examined',0,NULL,NULL,NULL),(92,'exasperate',0,NULL,NULL,NULL),(74,'excellent',0,NULL,NULL,NULL),(21,'excess',0,NULL,NULL,NULL),(72,'excessive',0,NULL,NULL,NULL),(24,'excitement',0,NULL,NULL,NULL),(25,'exclusion',0,NULL,NULL,NULL),(25,'exemption',0,NULL,NULL,NULL),(92,'exhaustion',0,NULL,NULL,NULL),(26,'exit',0,NULL,NULL,NULL),(27,'expanse',0,NULL,NULL,NULL),(64,'experience',0,NULL,NULL,NULL),(82,'exploit',0,NULL,NULL,NULL),(82,'exploitation',0,NULL,NULL,NULL),(82,'exploited',0,NULL,NULL,NULL),(38,'expression',0,NULL,NULL,NULL),(21,'extension',0,NULL,NULL,NULL),(28,'externalization',0,NULL,NULL,NULL),(21,'extra',0,NULL,NULL,NULL),(72,'extreme',0,NULL,NULL,NULL),(72,'extremely',0,NULL,NULL,NULL),(93,'fabrication',0,NULL,NULL,NULL),(41,'faint',0,NULL,NULL,NULL),(41,'faintly',0,NULL,NULL,NULL),(51,'false',0,NULL,NULL,NULL),(80,'familiar past experience',0,NULL,NULL,NULL),(92,'fatigue',0,NULL,NULL,NULL),(82,'fault',0,NULL,NULL,NULL),(2,'feasability',0,NULL,NULL,NULL),(2,'feasible',0,NULL,NULL,NULL),(62,'feature',0,NULL,NULL,NULL),(64,'feeling',0,NULL,NULL,NULL),(66,'fellow',0,NULL,NULL,NULL),(29,'field',0,NULL,NULL,NULL),(53,'fight',0,NULL,NULL,NULL),(53,'fight against',0,NULL,NULL,NULL),(22,'figure',0,NULL,NULL,NULL),(58,'figure everything',0,NULL,NULL,NULL),(10,'filthy',0,NULL,NULL,NULL),(83,'fine',0,NULL,NULL,NULL),(31,'finish-able',0,NULL,NULL,NULL),(71,'fitting',0,NULL,NULL,NULL),(30,'fond',0,NULL,NULL,NULL),(30,'fondness',0,NULL,NULL,NULL),(44,'food',5,NULL,'54',NULL),(4,'form',0,NULL,'18',NULL),(93,'form and handle with shape in some way',0,NULL,NULL,NULL),(93,'formed and handled with shape in some way',0,NULL,NULL,NULL),(53,'fought',0,NULL,NULL,NULL),(82,'fraud',0,NULL,NULL,NULL),(82,'fraudulent',0,NULL,NULL,NULL),(24,'frenzy',0,NULL,NULL,NULL),(13,'friendly',0,NULL,NULL,NULL),(31,'fulfillable',0,NULL,NULL,NULL),(83,'functional',0,NULL,NULL,NULL),(83,'functioning',0,NULL,NULL,NULL),(73,'fundamental',0,NULL,NULL,NULL),(47,'further',0,NULL,NULL,NULL),(17,'future',0,NULL,NULL,NULL),(32,'game',0,NULL,NULL,NULL),(47,'gathering',0,NULL,NULL,NULL),(78,'genuinely',0,NULL,NULL,NULL),(76,'get available',0,NULL,NULL,NULL),(89,'getting part next',0,NULL,NULL,NULL),(66,'girl',0,NULL,NULL,NULL),(23,'give support',0,NULL,NULL,NULL),(23,'given support',0,NULL,NULL,NULL),(50,'goal',0,NULL,NULL,NULL),(13,'good',0,NULL,NULL,NULL),(71,'good detail',0,NULL,NULL,NULL),(84,'greater honor',0,NULL,NULL,NULL),(47,'groove',0,NULL,NULL,NULL),(63,'group of persons',0,NULL,NULL,NULL),(41,'grueling',0,NULL,NULL,NULL),(10,'guarantee',0,NULL,NULL,NULL),(95,'guarded',0,NULL,NULL,NULL),(34,'guidance',0,NULL,NULL,NULL),(66,'guy',0,NULL,NULL,NULL),(32,'habit',0,NULL,NULL,NULL),(35,'handy',0,NULL,NULL,NULL),(33,'haphazard',0,NULL,NULL,NULL),(39,'hard',0,NULL,NULL,NULL),(41,'hard to do',0,NULL,NULL,NULL),(39,'hard-nosed',0,NULL,NULL,NULL),(82,'harmful manipulation',0,NULL,NULL,NULL),(87,'harsh person',0,NULL,NULL,NULL),(91,'has purpose',0,NULL,NULL,NULL),(82,'hassle',0,NULL,NULL,NULL),(82,'hassled',0,NULL,NULL,NULL),(82,'hateful act',0,NULL,NULL,NULL),(82,'hateful plot',0,NULL,NULL,NULL),(1,'having a supply',0,NULL,NULL,NULL),(58,'having everything figure',0,NULL,NULL,NULL),(58,'having everything figure over',0,NULL,NULL,NULL),(58,'having everything figured over',0,NULL,NULL,NULL),(66,'he',0,NULL,NULL,1),(10,'heavy',0,NULL,NULL,NULL),(34,'help',0,NULL,NULL,NULL),(35,'helpful',0,NULL,NULL,NULL),(36,'helpless',0,NULL,NULL,NULL),(97,'her',0,NULL,NULL,NULL),(97,'her self',0,NULL,NULL,NULL),(97,'her\'s',0,NULL,NULL,NULL),(16,'heritage',0,NULL,NULL,NULL),(74,'highly skill',0,NULL,NULL,NULL),(74,'highly skilled',0,NULL,NULL,NULL),(66,'him',0,NULL,NULL,1),(22,'hinge',0,NULL,NULL,NULL),(97,'his',0,NULL,NULL,NULL),(66,'his self',0,NULL,NULL,1),(17,'history',3,NULL,'21',NULL),(78,'honestly',0,NULL,NULL,NULL),(14,'hopeful',0,NULL,NULL,NULL),(82,'hostile',0,NULL,NULL,NULL),(17,'hour',0,NULL,NULL,NULL),(37,'how',0,NULL,NULL,NULL),(3,'humor',0,NULL,NULL,NULL),(66,'I',0,NULL,NULL,1),(38,'idea',0,NULL,NULL,NULL),(72,'ideal',0,NULL,NULL,NULL),(10,'idiosyncracy',0,NULL,NULL,NULL),(39,'ill',0,NULL,NULL,NULL),(51,'ill willed',0,NULL,NULL,NULL),(72,'immerse',0,NULL,NULL,NULL),(39,'impairment',0,NULL,NULL,NULL),(43,'imperative',0,NULL,NULL,NULL),(74,'impressive',0,NULL,NULL,NULL),(84,'improve sense worth',0,NULL,NULL,NULL),(37,'in what way',0,NULL,NULL,NULL),(72,'inadequate',0,NULL,NULL,NULL),(50,'incentive',0,NULL,NULL,NULL),(50,'inclination',0,NULL,NULL,NULL),(54,'individual',5,NULL,'36',NULL),(54,'individualization',0,NULL,NULL,NULL),(40,'indocile',0,NULL,NULL,NULL),(10,'inexact',9,NULL,'41',NULL),(83,'infer accurate',0,NULL,NULL,NULL),(83,'infer accurately',0,NULL,NULL,NULL),(21,'influx',0,NULL,NULL,NULL),(4,'information',8,NULL,'23',NULL),(5,'input',0,NULL,NULL,NULL),(82,'insensitive fanatic',0,NULL,NULL,NULL),(82,'insensitive fanaticism',0,NULL,NULL,NULL),(47,'inside',0,NULL,NULL,NULL),(8,'insistent',0,NULL,NULL,NULL),(96,'inspection',0,NULL,NULL,NULL),(50,'inspiration',0,NULL,NULL,NULL),(17,'instance',0,NULL,NULL,NULL),(71,'instrumental',0,NULL,NULL,NULL),(11,'insufficient',0,NULL,NULL,NULL),(81,'intelligence',0,NULL,NULL,NULL),(41,'intense',0,NULL,NULL,NULL),(69,'intent',0,NULL,NULL,NULL),(69,'intention',0,NULL,NULL,NULL),(32,'interaction',0,NULL,NULL,NULL),(91,'interest call for',0,NULL,NULL,NULL),(91,'interest called for',0,NULL,NULL,NULL),(82,'interrupt',0,NULL,NULL,NULL),(82,'interrupted',0,NULL,NULL,NULL),(82,'interruption',0,NULL,NULL,NULL),(47,'intersperseness',0,NULL,NULL,NULL),(42,'intonation',0,NULL,NULL,NULL),(51,'invalid',0,NULL,NULL,NULL),(81,'investigator',0,NULL,NULL,NULL),(6,'invocation',0,NULL,NULL,NULL),(5,'involved',0,NULL,NULL,NULL),(5,'involvement',0,NULL,NULL,NULL),(10,'irksome',0,NULL,NULL,NULL),(82,'irritated',0,NULL,NULL,NULL),(82,'irritation',0,NULL,NULL,NULL),(7,'isolation',0,NULL,NULL,NULL),(43,'issue',0,NULL,NULL,NULL),(76,'issue with',0,NULL,NULL,NULL),(4,'it',0,NULL,NULL,NULL),(44,'item',0,NULL,NULL,NULL),(45,'itemization',0,NULL,NULL,NULL),(97,'its',0,NULL,NULL,NULL),(4,'job',0,NULL,NULL,NULL),(85,'jurisprudence',0,NULL,NULL,NULL),(11,'justifiability',0,NULL,NULL,NULL),(11,'justifiable',0,NULL,NULL,NULL),(84,'keeping honor',0,NULL,NULL,NULL),(66,'kid',0,NULL,NULL,NULL),(4,'knowledge',0,NULL,NULL,NULL),(19,'labor applied',0,NULL,NULL,NULL),(19,'labor apply',0,NULL,NULL,NULL),(72,'lack',0,NULL,NULL,NULL),(72,'lacking',0,NULL,NULL,NULL),(66,'lady',0,NULL,NULL,NULL),(47,'land',4,NULL,'26',NULL),(10,'large',0,NULL,NULL,NULL),(21,'last',0,NULL,NULL,NULL),(2,'layout',0,NULL,NULL,NULL),(47,'lead',0,NULL,NULL,NULL),(21,'leftover',0,NULL,NULL,NULL),(47,'levelness',0,NULL,NULL,NULL),(46,'life',0,NULL,NULL,NULL),(13,'likeable',0,NULL,NULL,NULL),(33,'likelihood',0,NULL,NULL,NULL),(30,'liking',0,NULL,NULL,NULL),(53,'litigate',0,NULL,NULL,NULL),(53,'litigation',0,NULL,NULL,NULL),(33,'little protection',0,NULL,NULL,NULL),(46,'live',0,NULL,NULL,NULL),(47,'location',0,NULL,NULL,NULL),(30,'love',0,NULL,NULL,NULL),(21,'main stay',0,NULL,NULL,NULL),(92,'make weak',0,NULL,NULL,NULL),(39,'malady',18,NULL,'33',NULL),(39,'malignity',18,NULL,'34',NULL),(66,'man',0,NULL,NULL,NULL),(42,'manner',0,NULL,NULL,NULL),(62,'mark',0,NULL,NULL,NULL),(22,'marking',3,NULL,'16',NULL),(74,'masterful',0,NULL,NULL,NULL),(74,'mastery',0,NULL,NULL,NULL),(44,'material',63,NULL,'22',NULL),(43,'matter',0,NULL,NULL,NULL),(51,'mean spirit',0,NULL,NULL,NULL),(11,'meaningless',0,NULL,NULL,NULL),(54,'member',0,NULL,NULL,NULL),(80,'memory of past event',0,NULL,NULL,NULL),(10,'messy',0,NULL,NULL,NULL),(3,'mind',0,NULL,NULL,NULL),(3,'mindset',27,NULL,'35',NULL),(97,'mine',0,NULL,NULL,NULL),(48,'misapprehension',0,NULL,NULL,NULL),(82,'miserable',0,NULL,NULL,NULL),(82,'misery',0,NULL,NULL,NULL),(40,'misleading',0,NULL,NULL,NULL),(49,'modification',0,NULL,NULL,NULL),(62,'moiety',0,NULL,NULL,NULL),(96,'monitored',0,NULL,NULL,NULL),(17,'morning',0,NULL,NULL,NULL),(50,'motivation',0,NULL,NULL,NULL),(50,'motive',0,NULL,NULL,NULL),(89,'move from occasion',0,NULL,NULL,NULL),(24,'much anticipation',0,NULL,NULL,NULL),(11,'multiple',0,NULL,'59',NULL),(65,'multiple in periphery',0,NULL,NULL,NULL),(97,'my',0,NULL,NULL,NULL),(66,'myself',0,NULL,NULL,1),(51,'nasty',0,NULL,NULL,NULL),(82,'nausea',0,NULL,NULL,NULL),(47,'nearby',3,NULL,'27',NULL),(51,'negative',0,NULL,NULL,NULL),(10,'new',7,NULL,'55',NULL),(81,'new observation',0,NULL,NULL,NULL),(89,'new period',0,NULL,NULL,NULL),(13,'nice',0,NULL,NULL,NULL),(17,'night',0,NULL,NULL,NULL),(90,'no common foundation reasoning',0,NULL,NULL,NULL),(41,'no problem',0,NULL,NULL,NULL),(40,'nonconforming',0,NULL,NULL,NULL),(52,'nondescriptive',0,NULL,NULL,NULL),(83,'normal facilitation',0,NULL,NULL,NULL),(83,'normal facilitation of',0,NULL,NULL,NULL),(41,'not hard',0,NULL,NULL,NULL),(25,'not include',0,NULL,NULL,NULL),(25,'not subject to',0,NULL,NULL,NULL),(17,'now',0,NULL,NULL,NULL),(62,'nuance',0,NULL,NULL,NULL),(53,'object',0,NULL,NULL,NULL),(53,'objection',0,NULL,NULL,NULL),(64,'observation',0,NULL,NULL,NULL),(21,'obstruction',0,NULL,NULL,NULL),(97,'of a person',0,NULL,NULL,NULL),(85,'of common component',0,NULL,NULL,NULL),(85,'of common components',0,NULL,NULL,NULL),(97,'of one',0,NULL,NULL,NULL),(97,'of someone',0,NULL,NULL,NULL),(47,'off',0,NULL,NULL,NULL),(21,'off shoot',0,NULL,NULL,NULL),(13,'ok',0,NULL,NULL,NULL),(25,'omisson',0,NULL,NULL,NULL),(25,'omit',0,NULL,NULL,NULL),(54,'one',0,NULL,NULL,NULL),(87,'one difficult please',0,NULL,NULL,NULL),(87,'one difficult to please',0,NULL,NULL,NULL),(9,'operability',0,NULL,NULL,NULL),(35,'opportune',0,NULL,NULL,NULL),(40,'opposed',0,NULL,NULL,NULL),(53,'opposition',0,NULL,NULL,NULL),(55,'oppressive',0,NULL,NULL,NULL),(83,'optimal',0,NULL,NULL,NULL),(62,'option',0,NULL,NULL,NULL),(56,'other',0,NULL,NULL,NULL),(65,'other accompanying',0,NULL,NULL,NULL),(57,'outcome',0,NULL,NULL,NULL),(58,'outfit',0,NULL,NULL,NULL),(58,'outfitting',0,NULL,NULL,NULL),(82,'outlash',0,NULL,NULL,NULL),(82,'outlashed',0,NULL,NULL,NULL),(82,'outlashing',0,NULL,NULL,NULL),(60,'outlook',0,NULL,NULL,NULL),(60,'outlooking',0,NULL,NULL,NULL),(47,'outpost',0,NULL,NULL,NULL),(72,'outrageous',0,NULL,NULL,NULL),(59,'outstanding',0,NULL,NULL,NULL),(47,'outstretch',3,NULL,'28',NULL),(61,'overview',0,NULL,NULL,NULL),(62,'page',0,NULL,NULL,NULL),(82,'pain',0,NULL,NULL,NULL),(41,'painstaking',0,NULL,NULL,NULL),(41,'painstakingly',0,NULL,NULL,NULL),(62,'part',0,NULL,NULL,NULL),(62,'particular',0,NULL,NULL,NULL),(66,'partner',0,NULL,NULL,NULL),(17,'past',0,NULL,NULL,NULL),(47,'pasture',0,NULL,NULL,NULL),(14,'peace',0,NULL,NULL,NULL),(14,'peaceful',0,NULL,NULL,NULL),(63,'people',0,NULL,NULL,NULL),(64,'perception',0,NULL,NULL,NULL),(17,'period',0,NULL,NULL,NULL),(82,'persecute',0,NULL,NULL,NULL),(82,'persecuted',0,NULL,NULL,NULL),(82,'persecution',0,NULL,NULL,NULL),(19,'persistent',0,NULL,NULL,NULL),(66,'person',0,NULL,NULL,NULL),(67,'pertain',0,NULL,NULL,NULL),(68,'perusal',0,NULL,NULL,NULL),(87,'picky individual',0,NULL,NULL,NULL),(44,'piece of clothing',0,NULL,NULL,NULL),(47,'place',0,NULL,NULL,NULL),(69,'plan',0,NULL,NULL,NULL),(41,'pleasure',0,NULL,NULL,NULL),(76,'plenty',0,NULL,NULL,NULL),(82,'plight',0,NULL,NULL,NULL),(70,'plot',0,NULL,NULL,NULL),(22,'point',0,NULL,NULL,NULL),(39,'poor',0,NULL,NULL,NULL),(62,'portion',0,NULL,NULL,NULL),(13,'positive',0,NULL,NULL,NULL),(11,'possible',0,NULL,NULL,NULL),(11,'possibly',0,NULL,NULL,NULL),(4,'post',0,NULL,NULL,NULL),(9,'power',0,NULL,NULL,NULL),(9,'powerful',0,NULL,NULL,NULL),(91,'practical',0,NULL,NULL,NULL),(33,'precarious',0,NULL,NULL,NULL),(59,'precocious',0,NULL,NULL,NULL),(82,'prejudice',0,NULL,NULL,NULL),(58,'preparation',0,NULL,NULL,NULL),(58,'preparatory',0,NULL,NULL,NULL),(58,'prepared',0,NULL,NULL,NULL),(58,'preparing',0,NULL,NULL,NULL),(1,'presence',0,NULL,NULL,NULL),(1,'present',0,NULL,NULL,NULL),(79,'present argument',0,NULL,NULL,NULL),(81,'presentation',0,NULL,NULL,NULL),(72,'prevalence',0,NULL,NULL,NULL),(72,'prevalent',0,NULL,NULL,NULL),(17,'previous experience',0,NULL,NULL,NULL),(85,'prime',0,NULL,NULL,NULL),(73,'primitive',0,NULL,NULL,NULL),(73,'primitiveness',0,NULL,NULL,NULL),(69,'priorities',2,NULL,'37',NULL),(72,'privilege',0,NULL,NULL,NULL),(72,'privileged',0,NULL,NULL,NULL),(89,'proceeds concern',0,NULL,NULL,NULL),(74,'professional',0,NULL,NULL,NULL),(72,'profuse',0,NULL,NULL,NULL),(49,'prolong',0,NULL,NULL,NULL),(83,'proper suggestion',0,NULL,NULL,NULL),(83,'properly suggest',0,NULL,NULL,NULL),(83,'properly suggested',0,NULL,NULL,NULL),(38,'property',0,NULL,NULL,NULL),(58,'proposition',0,NULL,NULL,NULL),(95,'protected',0,NULL,NULL,NULL),(95,'protection',0,NULL,NULL,NULL),(47,'protrude',0,NULL,NULL,NULL),(47,'protrusion',0,NULL,NULL,NULL),(75,'providable',0,NULL,NULL,NULL),(81,'provide detail',0,NULL,NULL,NULL),(81,'provide information',0,NULL,NULL,NULL),(76,'provision',0,NULL,NULL,NULL),(82,'public crisis',0,NULL,NULL,NULL),(77,'pure',0,NULL,NULL,NULL),(78,'purely',0,NULL,NULL,NULL),(50,'purpose',0,NULL,NULL,NULL),(31,'pursue-able',0,NULL,NULL,NULL),(32,'pursuit',0,NULL,NULL,NULL),(8,'pushy',0,NULL,NULL,NULL),(10,'quality',7,NULL,'57',NULL),(10,'quick',6,NULL,'38',NULL),(10,'quiet',5,NULL,'39',NULL),(72,'rampant',0,NULL,NULL,NULL),(3,'reaction',3,NULL,'19',NULL),(77,'real',0,NULL,NULL,NULL),(83,'real fact',0,NULL,NULL,NULL),(40,'rebellious',0,NULL,NULL,NULL),(80,'recalled account',0,NULL,NULL,NULL),(21,'rechart',0,NULL,NULL,NULL),(53,'recommend against',0,NULL,NULL,NULL),(53,'recommending against',0,NULL,NULL,NULL),(44,'record',0,NULL,NULL,NULL),(72,'refined',0,NULL,NULL,NULL),(72,'refinement',0,NULL,NULL,NULL),(79,'refutation',0,NULL,NULL,NULL),(16,'regional diversity',0,NULL,NULL,NULL),(10,'related',40,NULL,'40',NULL),(81,'reliable information',0,NULL,NULL,NULL),(3,'reluctance',0,NULL,NULL,NULL),(59,'remarkable',0,NULL,NULL,NULL),(80,'remembrance',0,NULL,NULL,NULL),(21,'remnant',0,NULL,NULL,NULL),(6,'rendering',0,NULL,NULL,NULL),(81,'report',0,NULL,NULL,NULL),(81,'reporter',0,NULL,NULL,NULL),(47,'residence',0,NULL,NULL,NULL),(10,'residue',0,NULL,NULL,NULL),(53,'resist',0,NULL,NULL,NULL),(53,'resistance',0,NULL,NULL,NULL),(2,'respect',0,NULL,NULL,NULL),(47,'restaurant',0,NULL,NULL,NULL),(88,'restraining feeling',0,NULL,NULL,NULL),(57,'result',0,NULL,NULL,NULL),(57,'results',0,NULL,NULL,NULL),(47,'retreat',3,NULL,'29',NULL),(82,'revilement',0,NULL,NULL,NULL),(11,'ridiculous',0,NULL,NULL,NULL),(58,'rig',0,NULL,NULL,NULL),(58,'rigging',0,NULL,NULL,NULL),(83,'right',0,NULL,NULL,NULL),(88,'rigid emotion',0,NULL,NULL,NULL),(33,'risk',0,NULL,NULL,NULL),(33,'risky',0,NULL,NULL,NULL),(41,'riveting',0,NULL,NULL,NULL),(39,'rough',0,NULL,NULL,NULL),(47,'route',0,NULL,NULL,NULL),(40,'rule breaker',0,NULL,NULL,NULL),(40,'rule breaking',0,NULL,NULL,NULL),(21,'run through',0,NULL,NULL,NULL),(39,'rundown',0,NULL,NULL,NULL),(47,'runway',0,NULL,NULL,NULL),(95,'safe',0,NULL,NULL,NULL),(95,'safely',0,NULL,NULL,NULL),(31,'satisfiable',0,NULL,NULL,NULL),(31,'satisfy',0,NULL,NULL,NULL),(72,'saturate',0,NULL,NULL,NULL),(72,'saturated',0,NULL,NULL,NULL),(72,'saturation',0,NULL,NULL,NULL),(51,'scammed',0,NULL,NULL,NULL),(21,'scarring',0,NULL,NULL,NULL),(2,'scenario',0,NULL,NULL,NULL),(69,'schedule',0,NULL,NULL,NULL),(22,'scuff',0,NULL,NULL,NULL),(17,'second',0,NULL,NULL,NULL),(95,'secure',0,NULL,NULL,NULL),(95,'securely',0,NULL,NULL,NULL),(95,'security',0,NULL,NULL,NULL),(10,'select',0,NULL,NULL,NULL),(54,'self',0,NULL,NULL,NULL),(84,'self-improvement',0,NULL,NULL,NULL),(64,'sensation',0,NULL,NULL,NULL),(64,'sensed',0,NULL,NULL,NULL),(74,'serious',0,NULL,NULL,NULL),(34,'service',0,NULL,NULL,NULL),(4,'set',0,NULL,NULL,NULL),(69,'set design',0,NULL,NULL,NULL),(2,'set of conditions',0,NULL,NULL,NULL),(47,'setting',28,NULL,'30',NULL),(15,'setting-of-device',0,NULL,NULL,NULL),(2,'setup',0,NULL,NULL,NULL),(10,'severity',0,NULL,NULL,NULL),(21,'shape',0,NULL,NULL,NULL),(66,'she',0,NULL,NULL,1),(72,'shortage',0,NULL,NULL,NULL),(79,'show error',0,NULL,NULL,NULL),(79,'show false',0,NULL,NULL,NULL),(4,'showcase',0,NULL,NULL,NULL),(82,'sick about',0,NULL,NULL,NULL),(22,'side',0,NULL,NULL,NULL),(10,'simply',0,NULL,NULL,NULL),(11,'single one',0,NULL,NULL,NULL),(54,'single unit',0,NULL,NULL,NULL),(82,'sinisterness',0,NULL,NULL,NULL),(2,'situation',0,NULL,NULL,NULL),(10,'sizeable',22,NULL,'42',NULL),(9,'skill',0,NULL,NULL,NULL),(9,'skillful',0,NULL,NULL,NULL),(82,'slave',0,NULL,NULL,NULL),(82,'slavery',0,NULL,NULL,NULL),(82,'slaving',0,NULL,NULL,NULL),(3,'sleepy',0,NULL,NULL,NULL),(41,'soft',0,NULL,NULL,NULL),(41,'softly',0,NULL,NULL,NULL),(54,'sole',0,NULL,NULL,NULL),(7,'solitude',0,NULL,NULL,NULL),(82,'some attack',0,NULL,NULL,NULL),(79,'some different view',0,NULL,NULL,NULL),(4,'some interest',0,NULL,NULL,NULL),(66,'someone',0,NULL,NULL,NULL),(43,'something difficult',0,NULL,NULL,NULL),(76,'something for use',0,NULL,NULL,NULL),(71,'something indicative',0,NULL,NULL,NULL),(80,'something reminding you with',0,NULL,NULL,NULL),(33,'something with little protection',0,NULL,NULL,NULL),(21,'source',0,NULL,NULL,NULL),(47,'space',2,NULL,'31',NULL),(62,'specific',0,NULL,NULL,NULL),(60,'stage view',0,NULL,NULL,NULL),(85,'standard',0,NULL,NULL,NULL),(86,'stander',0,NULL,NULL,NULL),(47,'station',0,NULL,NULL,NULL),(84,'steady involvement',0,NULL,NULL,NULL),(87,'stickler',0,NULL,NULL,NULL),(76,'stock',0,NULL,NULL,NULL),(4,'store',3,NULL,'44',NULL),(4,'story',5,NULL,'45',NULL),(3,'stress',3,NULL,NULL,NULL),(41,'stressing',3,NULL,'46',NULL),(82,'stressing incident',0,NULL,NULL,NULL),(24,'strong activity',0,NULL,NULL,NULL),(12,'strongly influential',0,NULL,NULL,NULL),(4,'structure',101,NULL,'1',NULL),(72,'substantial',0,NULL,NULL,NULL),(84,'success in realizing',0,NULL,NULL,NULL),(2,'such',0,NULL,'59',NULL),(82,'suffering',0,NULL,NULL,NULL),(11,'sufficient',0,NULL,NULL,NULL),(44,'suit',0,NULL,NULL,NULL),(61,'summary',0,NULL,NULL,NULL),(21,'super-imposed element',0,NULL,NULL,NULL),(83,'superiority',0,NULL,NULL,NULL),(96,'supervision',0,NULL,NULL,NULL),(8,'supplication',0,NULL,NULL,NULL),(76,'supply',0,NULL,NULL,NULL),(34,'support',0,NULL,NULL,NULL),(13,'supportive',0,NULL,NULL,NULL),(88,'suppression',0,NULL,NULL,NULL),(47,'surface',2,NULL,'32',NULL),(69,'tactic',0,NULL,NULL,NULL),(41,'tedious',0,NULL,NULL,NULL),(41,'tediously',0,NULL,NULL,NULL),(72,'teem with',0,NULL,NULL,NULL),(38,'terminology',0,NULL,NULL,NULL),(44,'that',0,NULL,NULL,NULL),(97,'their',0,NULL,NULL,NULL),(63,'their self',0,NULL,NULL,NULL),(63,'their selves',0,NULL,NULL,NULL),(97,'theirs',0,NULL,NULL,NULL),(44,'them',0,NULL,NULL,NULL),(44,'these',0,NULL,NULL,NULL),(63,'they',0,NULL,NULL,0),(4,'thing',4,NULL,'47',NULL),(3,'thinking',0,NULL,NULL,NULL),(44,'this',0,NULL,NULL,NULL),(44,'those',0,NULL,NULL,NULL),(80,'thought remains',0,NULL,NULL,NULL),(80,'thought that stays',0,NULL,NULL,NULL),(80,'thought that sticks',0,NULL,NULL,NULL),(11,'three',0,NULL,NULL,NULL),(47,'through',0,NULL,NULL,NULL),(10,'tight',3,NULL,'48',NULL),(17,'time',0,NULL,NULL,NULL),(92,'tire',0,NULL,NULL,NULL),(84,'to be commendable',0,NULL,NULL,NULL),(84,'to be virtuous',0,NULL,NULL,NULL),(83,'to the dot',0,NULL,NULL,NULL),(82,'toil',0,NULL,NULL,NULL),(42,'tone',0,NULL,NULL,NULL),(22,'top',0,NULL,NULL,NULL),(72,'total',0,NULL,NULL,NULL),(39,'tough',0,NULL,NULL,NULL),(87,'tough administrator',0,NULL,NULL,NULL),(47,'towards',0,NULL,NULL,NULL),(89,'transition',0,NULL,NULL,NULL),(51,'trickery',0,NULL,NULL,NULL),(39,'trouble',0,NULL,NULL,NULL),(39,'troubled',0,NULL,NULL,NULL),(10,'troublesome',0,NULL,NULL,NULL),(83,'true',0,NULL,NULL,NULL),(13,'trustful',0,NULL,NULL,NULL),(13,'trusting',0,NULL,NULL,NULL),(11,'two',0,NULL,NULL,NULL),(44,'type',0,NULL,NULL,NULL),(82,'unaccountable',0,NULL,NULL,NULL),(51,'unbalance',0,NULL,NULL,NULL),(51,'unbalanced',0,NULL,NULL,NULL),(11,'unbelievable',0,NULL,NULL,NULL),(59,'uncanny',0,NULL,NULL,NULL),(33,'uncertain',0,NULL,NULL,NULL),(40,'uncooperative',0,NULL,NULL,NULL),(85,'under lie',4,NULL,'43',NULL),(32,'undertaking',0,NULL,NULL,NULL),(11,'undue',0,NULL,NULL,NULL),(90,'unempirical',0,NULL,NULL,NULL),(51,'unfair',0,NULL,NULL,NULL),(95,'unharmful',0,NULL,NULL,NULL),(77,'uniform',0,NULL,NULL,NULL),(51,'unreasonably intolerant',0,NULL,NULL,NULL),(33,'unreliable',0,NULL,NULL,NULL),(95,'unrisky',0,NULL,NULL,NULL),(10,'unsettling',0,NULL,NULL,NULL),(90,'unsubstantial formulation',0,NULL,NULL,NULL),(69,'unwaivering',0,NULL,NULL,NULL),(47,'up',0,NULL,NULL,NULL),(63,'us',0,NULL,NULL,0),(6,'use',0,NULL,NULL,NULL),(6,'used',0,NULL,NULL,NULL),(91,'useful',0,NULL,NULL,NULL),(6,'utilization',0,NULL,NULL,NULL),(77,'valid',5,NULL,'56',NULL),(83,'valid configuration',0,NULL,NULL,NULL),(5,'value',0,NULL,NULL,NULL),(2,'vary',0,NULL,NULL,NULL),(2,'varying',0,NULL,NULL,NULL),(83,'veritable',0,NULL,NULL,NULL),(10,'versatile',2,NULL,'49',NULL),(72,'very',0,NULL,NULL,NULL),(69,'viability',0,NULL,NULL,NULL),(7,'viable',0,NULL,NULL,NULL),(72,'vibrant',0,NULL,NULL,NULL),(64,'view',0,NULL,NULL,NULL),(47,'viewpoint',0,NULL,NULL,NULL),(41,'vigorous',0,NULL,NULL,NULL),(41,'vigorously',0,NULL,NULL,NULL),(64,'visual',0,NULL,NULL,NULL),(69,'way',0,NULL,'60',NULL),(63,'we',0,NULL,NULL,0),(92,'weary',0,NULL,NULL,NULL),(41,'wearying',0,NULL,NULL,NULL),(41,'wearyingly',0,NULL,NULL,NULL),(13,'welcome',0,NULL,NULL,NULL),(72,'well off',0,NULL,NULL,NULL),(74,'well qualify',0,NULL,NULL,NULL),(22,'whole',0,NULL,NULL,NULL),(82,'wickedness',0,NULL,NULL,NULL),(72,'widespread',0,NULL,NULL,NULL),(6,'wielding',0,NULL,NULL,NULL),(10,'wild',0,NULL,NULL,NULL),(10,'wildly',0,NULL,NULL,NULL),(69,'will',0,NULL,NULL,NULL),(69,'willing',0,NULL,NULL,NULL),(84,'win self respect',0,NULL,NULL,NULL),(91,'with a purpose',0,NULL,NULL,NULL),(1,'with a supply',0,NULL,NULL,NULL),(78,'with integrity',0,NULL,NULL,NULL),(91,'with purpose',0,NULL,NULL,NULL),(33,'with risk',0,NULL,NULL,NULL),(81,'without any result',0,NULL,NULL,NULL),(90,'without certain origin',0,NULL,NULL,NULL),(41,'without difficulty',0,NULL,NULL,NULL),(31,'withstandable',0,NULL,NULL,NULL),(31,'withstandableness',0,NULL,NULL,NULL),(66,'woman',0,NULL,NULL,NULL),(84,'work with realization',0,NULL,NULL,NULL),(3,'worry',9,NULL,'50',NULL),(83,'worthy inference',0,NULL,NULL,NULL),(81,'written finding',0,NULL,NULL,NULL),(51,'wrong',0,NULL,NULL,NULL),(82,'wrong engagement',0,NULL,NULL,NULL),(82,'wronged',0,NULL,NULL,NULL),(82,'wrongful neglect',0,NULL,NULL,NULL),(82,'wronging victim',0,NULL,NULL,NULL),(93,'wrought',0,NULL,NULL,NULL),(17,'year',0,NULL,NULL,NULL),(71,'yes',0,NULL,NULL,NULL),(66,'you',0,NULL,NULL,1),(63,'you all',0,NULL,NULL,0),(97,'your',0,NULL,NULL,NULL),(97,'yours',0,NULL,NULL,NULL),(14,'zestful appreciation',0,NULL,NULL,NULL),(92,'zonk out',0,NULL,NULL,NULL),(92,'zonked out',0,NULL,NULL,NULL),(94,'[admitted] issue qualifier',47,NULL,'52',NULL),(4,'[specific] concern',11,NULL,'5',NULL),(97,'[specifier] key',0,NULL,'59',NULL);
/*!40000 ALTER TABLE `objects_aspects_desc0` ENABLE KEYS */;
UNLOCK TABLES;

--
-- Table structure for table `objects_aspects_desc1`
--

DROP TABLE IF EXISTS `objects_aspects_desc1`;
/*!40101 SET @saved_cs_client     = @@character_set_client */;
/*!40101 SET character_set_client = utf8 */;
CREATE TABLE `objects_aspects_desc1` (
  `m2Code` smallint(6) NOT NULL,
  `Description` varchar(45) NOT NULL,
  `num_Sub_items` smallint(6) NOT NULL,
  `csID` smallint(6) DEFAULT NULL,
  `singularNoun` smallint(6) DEFAULT NULL,
  PRIMARY KEY (`Description`)
) ENGINE=InnoDB DEFAULT CHARSET=utf8;
/*!40101 SET character_set_client = @saved_cs_client */;

--
-- Dumping data for table `objects_aspects_desc1`
--

LOCK TABLES `objects_aspects_desc1` WRITE;
/*!40000 ALTER TABLE `objects_aspects_desc1` DISABLE KEYS */;
INSERT INTO `objects_aspects_desc1` VALUES (33,'a wrong',0,NULL,NULL),(56,'acceptable',0,NULL,NULL),(2,'acceptance',0,NULL,NULL),(6,'accompanied',0,NULL,NULL),(52,'accordance',0,NULL,NULL),(8,'acknowledgement',0,NULL,NULL),(52,'adequate',0,NULL,NULL),(52,'advisability',0,NULL,NULL),(52,'advisable',0,NULL,NULL),(52,'affinity',0,NULL,NULL),(8,'affirmation',0,NULL,NULL),(8,'affirmed',0,NULL,NULL),(53,'against',0,NULL,NULL),(56,'agreeable',0,NULL,NULL),(1,'alcove',0,NULL,NULL),(6,'all',0,NULL,NULL),(22,'aluminum',0,NULL,NULL),(14,'amount of surface',0,NULL,NULL),(6,'angled',0,NULL,NULL),(9,'animal',0,NULL,NULL),(30,'annex',0,NULL,NULL),(24,'annexation',0,NULL,NULL),(6,'any',0,NULL,NULL),(47,'anything',0,NULL,NULL),(18,'apparent quality',0,NULL,NULL),(18,'appearance',0,NULL,NULL),(50,'apprehension',0,NULL,NULL),(50,'apprehensive',0,NULL,NULL),(52,'appropriateness',0,NULL,NULL),(2,'approved',0,NULL,NULL),(14,'area',0,NULL,NULL),(30,'arena',0,NULL,NULL),(59,'as',0,NULL,NULL),(48,'astringency',0,NULL,NULL),(48,'astringent',0,NULL,NULL),(25,'at',0,NULL,NULL),(52,'avail',0,NULL,NULL),(23,'awareness of matters',0,NULL,NULL),(33,'bad situation',0,NULL,NULL),(1,'barrier',0,NULL,NULL),(15,'base',0,NULL,NULL),(6,'basic',0,NULL,NULL),(1,'basin',0,NULL,NULL),(18,'basis',3,4,NULL),(1,'basket',0,NULL,NULL),(58,'bearing',0,NULL,NULL),(1,'bedrock',0,NULL,NULL),(15,'beginning',0,NULL,NULL),(36,'being',0,NULL,NULL),(50,'being in a difficulty',0,NULL,NULL),(17,'belonging',0,NULL,NULL),(6,'bent',0,NULL,NULL),(22,'berry',0,NULL,NULL),(25,'beside',0,NULL,NULL),(57,'better',0,NULL,NULL),(42,'big',0,NULL,NULL),(4,'bind agreement',0,NULL,NULL),(9,'bird',0,NULL,NULL),(15,'bottom',0,NULL,NULL),(18,'bound',7,5,NULL),(4,'bound agreement',0,NULL,NULL),(1,'bow',0,NULL,NULL),(1,'box',0,NULL,NULL),(22,'bread',0,NULL,NULL),(1,'bridge',0,NULL,NULL),(42,'broad',0,NULL,NULL),(9,'bug',0,NULL,NULL),(1,'building',0,NULL,NULL),(18,'bump',0,NULL,NULL),(18,'bumpy',0,NULL,NULL),(50,'burden',0,NULL,NULL),(50,'burdonsome',0,NULL,NULL),(5,'business',0,NULL,NULL),(25,'by',0,NULL,NULL),(22,'caffeine',0,NULL,NULL),(33,'calamity',0,NULL,NULL),(22,'calcium',0,NULL,NULL),(22,'calcium bicarbonate',0,NULL,NULL),(22,'candy',0,NULL,NULL),(30,'canyon',0,NULL,NULL),(22,'card',0,NULL,NULL),(51,'care examination',0,NULL,NULL),(51,'care examining',0,NULL,NULL),(22,'carpet',0,NULL,NULL),(1,'case',0,NULL,NULL),(33,'catastrophe',0,NULL,NULL),(1,'center',0,NULL,NULL),(40,'certain element',0,NULL,NULL),(28,'certain part of some place',0,NULL,NULL),(40,'chance',0,NULL,NULL),(1,'channel',0,NULL,NULL),(30,'chasm',0,NULL,NULL),(1,'citadel',0,NULL,NULL),(8,'claim',0,NULL,NULL),(6,'clear',0,NULL,NULL),(6,'clearance',0,NULL,NULL),(30,'cliff',0,NULL,NULL),(22,'clip',0,NULL,NULL),(27,'close',0,NULL,NULL),(27,'closeness',0,NULL,NULL),(6,'clutter',0,NULL,NULL),(22,'coin',0,NULL,NULL),(3,'comment',0,NULL,NULL),(3,'commentate',3,8,NULL),(5,'commerce',0,NULL,NULL),(5,'commercial',0,NULL,NULL),(4,'commitment',0,NULL,NULL),(6,'common',0,NULL,NULL),(51,'common astuteness',0,NULL,NULL),(15,'common foundation',0,NULL,NULL),(43,'common ground',0,NULL,NULL),(51,'common intellect',0,NULL,NULL),(8,'communication',0,NULL,NULL),(6,'compartmentalization',0,NULL,NULL),(35,'compassionate',0,NULL,NULL),(52,'complacency',0,NULL,NULL),(52,'complacent',0,NULL,NULL),(18,'composition',0,NULL,NULL),(22,'compost',0,NULL,NULL),(13,'conclusion',0,NULL,NULL),(6,'confinement',0,NULL,NULL),(6,'confining',0,NULL,NULL),(33,'conflict',0,NULL,NULL),(6,'conformity',0,NULL,NULL),(35,'confuse',0,NULL,NULL),(35,'confused',0,NULL,NULL),(35,'confusion',0,NULL,NULL),(6,'consecutive',0,NULL,NULL),(1,'construction',0,NULL,NULL),(1,'container',0,NULL,NULL),(6,'containment',0,NULL,NULL),(53,'contending',0,NULL,NULL),(7,'content',0,NULL,NULL),(4,'contract',0,NULL,NULL),(22,'copper',0,NULL,NULL),(8,'correspondence',0,NULL,NULL),(1,'corridor',0,NULL,NULL),(52,'cost',0,NULL,NULL),(52,'costly',0,NULL,NULL),(18,'countenance',0,NULL,NULL),(6,'couple',0,NULL,NULL),(41,'course',0,NULL,NULL),(1,'cover',0,NULL,NULL),(22,'cracker',0,NULL,NULL),(35,'crazy',0,NULL,NULL),(1,'creation',4,3,NULL),(55,'creative',0,NULL,NULL),(10,'creator',0,NULL,NULL),(9,'creature',0,NULL,NULL),(6,'crooked',0,NULL,NULL),(44,'crop',0,NULL,NULL),(30,'cross of a divide',0,NULL,NULL),(16,'crossing',0,NULL,NULL),(1,'crossroad',0,NULL,NULL),(35,'cruel',0,NULL,NULL),(22,'crust',0,NULL,NULL),(1,'culvert',0,NULL,NULL),(1,'curb',0,NULL,NULL),(6,'current',0,NULL,NULL),(34,'danger',0,NULL,NULL),(34,'dangerous',0,NULL,NULL),(23,'data',0,NULL,NULL),(33,'debacle',0,NULL,NULL),(42,'deep',0,NULL,NULL),(57,'defective',0,NULL,NULL),(10,'deliberator',0,NULL,NULL),(10,'deliverer',0,NULL,NULL),(5,'demand',0,NULL,NULL),(11,'deplete',0,NULL,NULL),(11,'depleted',0,NULL,NULL),(12,'detestment',0,NULL,NULL),(10,'developer',0,NULL,NULL),(1,'device',0,NULL,NULL),(35,'devious',0,NULL,NULL),(10,'deviser',0,NULL,NULL),(6,'different',0,NULL,NULL),(33,'difficulty',0,NULL,NULL),(33,'dilemma',0,NULL,NULL),(6,'direct',0,NULL,NULL),(6,'directness',0,NULL,NULL),(10,'director',0,NULL,NULL),(22,'dirt',0,NULL,NULL),(12,'disapproval',0,NULL,NULL),(33,'disaster',0,NULL,NULL),(8,'disclaimer',0,NULL,NULL),(10,'discoverer',0,NULL,NULL),(40,'discrepant',19,7,NULL),(12,'disdain',0,NULL,NULL),(54,'dish',0,NULL,NULL),(41,'dishevel',0,NULL,NULL),(41,'disheveled',0,NULL,NULL),(12,'dislike',0,NULL,NULL),(1,'dispensary',0,NULL,NULL),(1,'dispenser',0,NULL,NULL),(12,'disrespect',0,NULL,NULL),(35,'distract',0,NULL,NULL),(35,'distracted',0,NULL,NULL),(24,'divide region',0,NULL,NULL),(24,'dividing region',0,NULL,NULL),(1,'dome',0,NULL,NULL),(1,'door',0,NULL,NULL),(1,'drain',0,NULL,NULL),(52,'draw down',0,NULL,NULL),(52,'drawn down',0,NULL,NULL),(50,'dread and pester with',0,NULL,NULL),(22,'drink',0,NULL,NULL),(1,'driveway',0,NULL,NULL),(9,'duck',0,NULL,NULL),(22,'dust',0,NULL,NULL),(40,'each',0,NULL,NULL),(51,'earnest commitment',0,NULL,NULL),(26,'earth',0,NULL,NULL),(20,'emotion',0,NULL,NULL),(11,'empty',0,NULL,NULL),(52,'enablement',0,NULL,NULL),(13,'end',4,NULL,NULL),(34,'endanger',0,NULL,NULL),(34,'endangering',0,NULL,NULL),(8,'engaging transmission',0,NULL,NULL),(7,'enough contentment',0,NULL,NULL),(6,'entire',0,NULL,NULL),(1,'entrance',0,NULL,NULL),(8,'entry',0,NULL,NULL),(1,'estate',0,NULL,NULL),(18,'evaluated visualization',0,NULL,NULL),(40,'every',0,NULL,NULL),(47,'everything',0,NULL,NULL),(5,'exhibit of some detail',0,NULL,NULL),(23,'fact',0,NULL,NULL),(1,'factory',0,NULL,NULL),(33,'failure',0,NULL,NULL),(56,'fair',0,NULL,NULL),(52,'faith',0,NULL,NULL),(52,'familiarity',0,NULL,NULL),(42,'far',0,NULL,NULL),(22,'fat',0,NULL,NULL),(1,'fence',0,NULL,NULL),(22,'fertilizer',0,NULL,NULL),(6,'few',0,NULL,NULL),(22,'fiber',0,NULL,NULL),(22,'fibrous',0,NULL,NULL),(53,'fighting with',0,NULL,NULL),(35,'fine thinking',0,NULL,NULL),(9,'fish',0,NULL,NULL),(52,'fittingness',0,NULL,NULL),(52,'fixation',0,NULL,NULL),(32,'flat plot of space',0,NULL,NULL),(1,'floor',0,NULL,NULL),(22,'flour',0,NULL,NULL),(30,'flowing current',0,NULL,NULL),(22,'fluoride',0,NULL,NULL),(54,'food',0,NULL,NULL),(18,'form',6,NULL,NULL),(4,'formality',0,NULL,NULL),(52,'format',0,NULL,NULL),(1,'formation',0,NULL,NULL),(1,'fountain',0,NULL,NULL),(55,'fresh',0,NULL,NULL),(22,'fruit',0,NULL,NULL),(22,'fuel',0,NULL,NULL),(7,'fun',0,NULL,NULL),(19,'funny',0,NULL,NULL),(1,'furniture',9,1,NULL),(22,'gas',0,NULL,NULL),(1,'gate',0,NULL,NULL),(14,'general territory',0,NULL,NULL),(22,'glass',0,NULL,NULL),(20,'glum',3,6,NULL),(11,'good feeling',0,NULL,NULL),(51,'good instinct',0,NULL,NULL),(51,'good reasoning',0,NULL,NULL),(4,'governance',0,NULL,NULL),(22,'grain',0,NULL,NULL),(1,'gravel',0,NULL,NULL),(15,'ground',0,NULL,NULL),(1,'hall',0,NULL,NULL),(7,'happy',0,NULL,NULL),(22,'hard shell',0,NULL,NULL),(34,'harm',0,NULL,NULL),(34,'harmful',0,NULL,NULL),(38,'haste',0,NULL,NULL),(38,'hastily',0,NULL,NULL),(12,'hate',0,NULL,NULL),(12,'hatred',0,NULL,NULL),(41,'having bumpy variations',0,NULL,NULL),(41,'having sharp variations',0,NULL,NULL),(52,'heft',0,NULL,NULL),(42,'height',0,NULL,NULL),(22,'helium',0,NULL,NULL),(24,'here',0,NULL,NULL),(42,'high',0,NULL,NULL),(30,'high land',0,NULL,NULL),(30,'hill',0,NULL,NULL),(21,'historic',0,NULL,NULL),(21,'history',0,NULL,NULL),(34,'horrible',0,NULL,NULL),(34,'horrified',0,NULL,NULL),(34,'horrify',0,NULL,NULL),(34,'horror',0,NULL,NULL),(3,'hubbub',0,NULL,NULL),(55,'imaginative',0,NULL,NULL),(6,'immediate',0,NULL,NULL),(10,'implementer',0,NULL,NULL),(52,'implication',0,NULL,NULL),(37,'importance',5,9,NULL),(57,'improved',0,NULL,NULL),(7,'in agreement',0,NULL,NULL),(11,'inconsequential',0,NULL,NULL),(60,'incorporation',0,NULL,NULL),(52,'indenture',0,NULL,NULL),(52,'indication',11,12,NULL),(36,'individual',0,NULL,NULL),(1,'industrial plant',0,NULL,NULL),(41,'inexact',0,NULL,NULL),(57,'inferior',0,NULL,NULL),(18,'influentialness',0,NULL,NULL),(23,'information',0,NULL,NULL),(22,'ink',0,NULL,NULL),(55,'innovative',0,NULL,NULL),(35,'insane',0,NULL,NULL),(9,'insect',0,NULL,NULL),(10,'instigator',0,NULL,NULL),(10,'issuer',0,NULL,NULL),(33,'jam',0,NULL,NULL),(22,'juice',0,NULL,NULL),(1,'junkyard',0,NULL,NULL),(24,'jurisdiction',0,NULL,NULL),(55,'just made',0,NULL,NULL),(30,'kitchen',0,NULL,NULL),(23,'label',0,NULL,NULL),(1,'ladder',0,NULL,NULL),(30,'lake',0,NULL,NULL),(26,'land',0,NULL,NULL),(4,'law',0,NULL,NULL),(22,'leather',0,NULL,NULL),(42,'length',0,NULL,NULL),(6,'less',0,NULL,NULL),(1,'lightpost',0,NULL,NULL),(52,'like',0,NULL,NULL),(1,'linking',2,10,NULL),(22,'liquid',0,NULL,NULL),(6,'little',0,NULL,NULL),(39,'little sound',0,NULL,NULL),(24,'locale',0,NULL,NULL),(1,'loft',0,NULL,NULL),(42,'long',0,NULL,NULL),(18,'look',0,NULL,NULL),(42,'low',0,NULL,NULL),(1,'machine',0,NULL,NULL),(6,'main',0,NULL,NULL),(18,'makeup',0,NULL,NULL),(33,'malady',0,NULL,NULL),(34,'malign',0,NULL,NULL),(34,'malignity',0,NULL,NULL),(22,'marble',0,NULL,NULL),(1,'market',0,NULL,NULL),(16,'marking',0,NULL,NULL),(57,'marred',0,NULL,NULL),(22,'material',0,NULL,NULL),(40,'maybe',0,NULL,NULL),(54,'meal',0,NULL,NULL),(23,'meaning',0,NULL,NULL),(60,'means',0,NULL,NULL),(22,'meat',0,NULL,NULL),(35,'meddlesome',0,NULL,NULL),(8,'message',0,NULL,NULL),(22,'metal',0,NULL,NULL),(60,'method',0,NULL,NULL),(22,'milk',0,NULL,NULL),(1,'mill',0,NULL,NULL),(35,'mindset',0,NULL,NULL),(1,'mine',0,NULL,NULL),(42,'miniature',0,NULL,NULL),(33,'mishap',0,NULL,NULL),(33,'mistake',0,NULL,NULL),(22,'money',0,NULL,NULL),(9,'monkey',0,NULL,NULL),(1,'monument',0,NULL,NULL),(52,'most costly',0,NULL,NULL),(30,'mound',0,NULL,NULL),(30,'mountainside',0,NULL,NULL),(30,'mud territory',0,NULL,NULL),(42,'narrow',0,NULL,NULL),(27,'near',0,NULL,NULL),(40,'near to the same',0,NULL,NULL),(27,'nearby',0,NULL,NULL),(42,'nearly',0,NULL,NULL),(52,'need',0,NULL,NULL),(52,'negativity',0,NULL,NULL),(55,'new',0,NULL,NULL),(52,'not',0,NULL,NULL),(41,'not flat',0,NULL,NULL),(41,'not uniform',0,NULL,NULL),(23,'notate',0,NULL,NULL),(23,'notated',0,NULL,NULL),(40,'notation',0,NULL,NULL),(40,'note',0,NULL,NULL),(40,'noted',0,NULL,NULL),(11,'nothing in it',0,NULL,NULL),(22,'nut',0,NULL,NULL),(4,'obedience',0,NULL,NULL),(47,'object',0,NULL,NULL),(35,'odd',0,NULL,NULL),(30,'office',0,NULL,NULL),(52,'offset',0,NULL,NULL),(22,'oil',0,NULL,NULL),(36,'one character',0,NULL,NULL),(36,'one creature',0,NULL,NULL),(36,'one thing',0,NULL,NULL),(6,'open',0,NULL,NULL),(31,'open area',0,NULL,NULL),(10,'operator',0,NULL,NULL),(52,'opportunism',0,NULL,NULL),(33,'ordeal',0,NULL,NULL),(6,'ordinary',0,NULL,NULL),(18,'organization',0,NULL,NULL),(22,'outdoor air',0,NULL,NULL),(28,'outstretch',0,NULL,NULL),(13,'over',0,NULL,NULL),(1,'overhang',0,NULL,NULL),(22,'oxygen',0,NULL,NULL),(1,'package',0,NULL,NULL),(22,'paint',0,NULL,NULL),(1,'panel',0,NULL,NULL),(22,'paper',0,NULL,NULL),(1,'park',0,NULL,NULL),(5,'particular issue',0,NULL,NULL),(1,'passage',0,NULL,NULL),(1,'path',0,NULL,NULL),(30,'peak',0,NULL,NULL),(40,'perhaps',0,NULL,NULL),(40,'pertinence',0,NULL,NULL),(1,'pipe',0,NULL,NULL),(33,'pitiful',0,NULL,NULL),(14,'place at a certain base',0,NULL,NULL),(14,'place at a certain base, station, or outpost',0,NULL,NULL),(14,'place at a certain outpost',0,NULL,NULL),(14,'place at a certain station',0,NULL,NULL),(52,'placement',0,NULL,NULL),(6,'plain',0,NULL,NULL),(1,'plant',0,NULL,NULL),(22,'plastic',0,NULL,NULL),(15,'platform',0,NULL,NULL),(20,'pleasing',5,11,NULL),(32,'plot',0,NULL,NULL),(32,'plot of space',0,NULL,NULL),(6,'pointed',0,NULL,NULL),(4,'policy',0,NULL,NULL),(30,'pond',0,NULL,NULL),(30,'pool',0,NULL,NULL),(1,'port',0,NULL,NULL),(17,'possession',0,NULL,NULL),(1,'post',0,NULL,NULL),(52,'post duty',0,NULL,NULL),(51,'practical information',0,NULL,NULL),(6,'precedence',0,NULL,NULL),(6,'precept',0,NULL,NULL),(33,'predicament',0,NULL,NULL),(2,'preference',0,NULL,NULL),(2,'preferred',0,NULL,NULL),(35,'preoccupied',0,NULL,NULL),(35,'preoccupy',0,NULL,NULL),(43,'preside with',0,NULL,NULL),(6,'pressured',0,NULL,NULL),(21,'previous enactments',0,NULL,NULL),(52,'price',0,NULL,NULL),(37,'priority',0,NULL,NULL),(33,'problem',0,NULL,NULL),(1,'product',0,NULL,NULL),(2,'promoted',0,NULL,NULL),(51,'prompt acting',0,NULL,NULL),(51,'prompt identification',0,NULL,NULL),(26,'property',0,NULL,NULL),(10,'proponent',0,NULL,NULL),(52,'propriety',0,NULL,NULL),(22,'protein',0,NULL,NULL),(57,'quality',0,NULL,NULL),(18,'quantity',0,NULL,NULL),(3,'question',0,NULL,NULL),(38,'quick',0,NULL,NULL),(38,'quickly',0,NULL,NULL),(39,'quiet',0,NULL,NULL),(39,'quietly',0,NULL,NULL),(1,'rail',0,NULL,NULL),(1,'ramp',0,NULL,NULL),(19,'reaction',0,NULL,NULL),(51,'ready observation',0,NULL,NULL),(51,'realistic',0,NULL,NULL),(51,'realisticness',0,NULL,NULL),(6,'recent',0,NULL,NULL),(6,'recently',0,NULL,NULL),(52,'receptivity',0,NULL,NULL),(2,'recommended',0,NULL,NULL),(8,'reference',0,NULL,NULL),(6,'regular and unornate',0,NULL,NULL),(40,'relate',0,NULL,NULL),(40,'related',0,NULL,NULL),(40,'relation',0,NULL,NULL),(1,'repair facility',0,NULL,NULL),(29,'repose',0,NULL,NULL),(5,'requirement',0,NULL,NULL),(44,'reserve',0,NULL,NULL),(29,'resort',0,NULL,NULL),(6,'retentive',0,NULL,NULL),(29,'retreat',0,NULL,NULL),(22,'rice',0,NULL,NULL),(30,'ridge',0,NULL,NULL),(25,'right near',0,NULL,NULL),(30,'rocky landscape',0,NULL,NULL),(9,'rodent',0,NULL,NULL),(1,'roof',0,NULL,NULL),(30,'room',0,NULL,NULL),(41,'rough',0,NULL,NULL),(41,'rough form',0,NULL,NULL),(32,'rough plot of space',0,NULL,NULL),(41,'roughly',0,NULL,NULL),(22,'rubber',0,NULL,NULL),(58,'rumbled',0,NULL,NULL),(35,'ruthless',0,NULL,NULL),(22,'salt',0,NULL,NULL),(1,'sand',0,NULL,NULL),(30,'sand territory',0,NULL,NULL),(7,'satisfactory',0,NULL,NULL),(7,'satisfied',0,NULL,NULL),(35,'savage',0,NULL,NULL),(34,'scared',0,NULL,NULL),(1,'school',0,NULL,NULL),(28,'segment',0,NULL,NULL),(35,'sensitive',0,NULL,NULL),(8,'sentence',0,NULL,NULL),(6,'separation',0,NULL,NULL),(54,'serving',0,NULL,NULL),(30,'setting',0,NULL,NULL),(24,'settlement',0,NULL,NULL),(1,'shaft',0,NULL,NULL),(58,'shaked',0,NULL,NULL),(42,'shallow',0,NULL,NULL),(42,'shallowly',0,NULL,NULL),(1,'shell',0,NULL,NULL),(1,'shop',0,NULL,NULL),(42,'short',0,NULL,NULL),(35,'silly',0,NULL,NULL),(40,'similar',0,NULL,NULL),(40,'similarly',0,NULL,NULL),(6,'simple',0,NULL,NULL),(42,'sizeable',0,NULL,NULL),(42,'sizeably',0,NULL,NULL),(42,'slender',0,NULL,NULL),(42,'slenderly',0,NULL,NULL),(1,'slide',0,NULL,NULL),(42,'small',0,NULL,NULL),(54,'snack',0,NULL,NULL),(52,'snag',0,NULL,NULL),(22,'soap',0,NULL,NULL),(22,'sodium',0,NULL,NULL),(39,'soft',0,NULL,NULL),(39,'softly',0,NULL,NULL),(30,'soil territory',0,NULL,NULL),(22,'solid',0,NULL,NULL),(40,'some',0,NULL,NULL),(5,'some item being monitored',0,NULL,NULL),(5,'some item monitor',0,NULL,NULL),(47,'something',0,NULL,0),(5,'something check',0,NULL,NULL),(5,'something checked out',0,NULL,NULL),(22,'soup',0,NULL,NULL),(31,'space',0,NULL,NULL),(14,'span of a flat region',0,NULL,NULL),(3,'speak',0,NULL,NULL),(40,'special',0,NULL,NULL),(47,'specific component',0,NULL,NULL),(1,'spot',0,NULL,NULL),(1,'stable',0,NULL,NULL),(35,'stable intellect',0,NULL,NULL),(1,'stain',0,NULL,NULL),(1,'stairs',0,NULL,NULL),(1,'stairway',0,NULL,NULL),(1,'stand',0,NULL,NULL),(15,'start',0,NULL,NULL),(10,'starter',0,NULL,NULL),(8,'statement',0,NULL,NULL),(22,'steam',0,NULL,NULL),(22,'steel',0,NULL,NULL),(1,'step',0,NULL,NULL),(22,'stick',0,NULL,NULL),(1,'stone',0,NULL,NULL),(30,'stone territory',0,NULL,NULL),(13,'stopping point',0,NULL,NULL),(1,'storage site',0,NULL,NULL),(44,'store',0,NULL,NULL),(45,'story',0,NULL,NULL),(6,'straight',0,NULL,NULL),(30,'stream',0,NULL,NULL),(1,'street',0,NULL,NULL),(1,'street light',0,NULL,NULL),(46,'stress',0,NULL,NULL),(46,'stressed',0,NULL,NULL),(46,'stressful',0,NULL,NULL),(1,'structure',0,NULL,NULL),(33,'struggle',0,NULL,NULL),(43,'subordinate',0,NULL,NULL),(22,'sugar',0,NULL,NULL),(2,'supported',0,NULL,NULL),(52,'sure',0,NULL,NULL),(52,'sureness',0,NULL,NULL),(32,'surface',0,NULL,NULL),(19,'surprise',0,NULL,NULL),(26,'surrounding ground',0,NULL,NULL),(50,'swamped ability',0,NULL,NULL),(38,'swift',0,NULL,NULL),(38,'swiftly',0,NULL,NULL),(3,'talk',0,NULL,NULL),(42,'tall',0,NULL,NULL),(22,'tar',0,NULL,NULL),(16,'target',0,NULL,NULL),(57,'tarnished',0,NULL,NULL),(45,'telling of a plot',0,NULL,NULL),(45,'telling of some experience',0,NULL,NULL),(40,'term',0,NULL,NULL),(40,'termed',0,NULL,NULL),(34,'terror',0,NULL,NULL),(8,'text',0,NULL,NULL),(47,'thing',0,NULL,NULL),(34,'threat',0,NULL,NULL),(48,'tight',0,NULL,NULL),(6,'together',0,NULL,NULL),(1,'trail',0,NULL,NULL),(34,'trauma',0,NULL,NULL),(34,'traumatizing',0,NULL,NULL),(1,'tree',0,NULL,NULL),(35,'tricky',0,NULL,NULL),(50,'troubled with a concern',0,NULL,NULL),(35,'trusting',0,NULL,NULL),(43,'under lier',0,NULL,NULL),(40,'unique',0,NULL,NULL),(35,'unreasonable',0,NULL,NULL),(34,'unsafe',0,NULL,NULL),(10,'user',0,NULL,NULL),(11,'vacant',0,NULL,NULL),(47,'vague component',0,NULL,NULL),(56,'valid',0,NULL,NULL),(30,'valley',0,NULL,NULL),(6,'varied',0,NULL,NULL),(49,'versatile',0,NULL,NULL),(49,'versatility',0,NULL,NULL),(35,'vicious',0,NULL,NULL),(1,'walkway',0,NULL,NULL),(1,'wall',0,NULL,NULL),(22,'water',0,NULL,NULL),(6,'wavy',0,NULL,NULL),(22,'wax',0,NULL,NULL),(35,'weird',0,NULL,NULL),(1,'well',0,NULL,NULL),(6,'whatever',0,NULL,NULL),(1,'wheel',0,NULL,NULL),(59,'which',0,NULL,NULL),(6,'whichever',0,NULL,NULL),(59,'whose',0,NULL,NULL),(42,'width',0,NULL,NULL),(9,'wildlife',0,NULL,NULL),(1,'window',0,NULL,NULL),(1,'wood',0,NULL,NULL),(8,'word',0,NULL,NULL),(30,'work shop',0,NULL,NULL),(56,'workable',0,NULL,NULL),(10,'worker',0,NULL,NULL),(35,'working mind',0,NULL,NULL),(50,'worry',0,NULL,NULL),(57,'worse',0,NULL,NULL),(51,'worthy stature',0,NULL,NULL),(45,'write work',0,NULL,NULL),(45,'written work',0,NULL,NULL),(33,'wrong',0,NULL,NULL),(58,'zonked',0,NULL,NULL),(6,'[some] extent',17,2,NULL);
/*!40000 ALTER TABLE `objects_aspects_desc1` ENABLE KEYS */;
UNLOCK TABLES;

--
-- Table structure for table `objects_aspects_desc2`
--

DROP TABLE IF EXISTS `objects_aspects_desc2`;
/*!40101 SET @saved_cs_client     = @@character_set_client */;
/*!40101 SET character_set_client = utf8 */;
CREATE TABLE `objects_aspects_desc2` (
  `csID` smallint(6) NOT NULL,
  `Description` varchar(45) NOT NULL,
  `num_Sub_items` smallint(6) NOT NULL,
  `cs2ID` varchar(45) DEFAULT NULL,
  `singularNoun` smallint(6) DEFAULT NULL,
  PRIMARY KEY (`Description`)
) ENGINE=InnoDB DEFAULT CHARSET=utf8;
/*!40101 SET character_set_client = @saved_cs_client */;

--
-- Dumping data for table `objects_aspects_desc2`
--

LOCK TABLES `objects_aspects_desc2` WRITE;
/*!40000 ALTER TABLE `objects_aspects_desc2` DISABLE KEYS */;
INSERT INTO `objects_aspects_desc2` VALUES (2,'always',0,NULL,NULL),(4,'basis',0,NULL,NULL),(1,'bed',0,NULL,NULL),(2,'bold',0,NULL,NULL),(2,'boldness',0,NULL,NULL),(5,'bound',0,NULL,NULL),(5,'boundary',0,NULL,NULL),(12,'cause for',0,NULL,NULL),(1,'center space counter',0,NULL,NULL),(10,'chained entity',0,NULL,NULL),(11,'cheery',0,NULL,NULL),(5,'close off',0,NULL,NULL),(8,'commentate',0,NULL,NULL),(2,'compactness',0,NULL,NULL),(5,'constraint',0,NULL,NULL),(3,'craft',0,NULL,NULL),(3,'creation',0,NULL,NULL),(9,'critical',0,NULL,NULL),(11,'delightful',0,NULL,NULL),(1,'desk',0,NULL,NULL),(12,'disclaimer',0,NULL,NULL),(7,'discrepancy',0,NULL,NULL),(7,'discrepant',0,NULL,NULL),(7,'distinct',12,'3',NULL),(6,'down',0,NULL,NULL),(1,'drawers',0,NULL,NULL),(2,'duration',0,NULL,NULL),(9,'essential',0,NULL,NULL),(5,'extreme',0,NULL,NULL),(2,'extremity',0,NULL,NULL),(11,'feel good',0,NULL,NULL),(4,'fitting proponent',0,NULL,NULL),(11,'fun',0,NULL,NULL),(12,'glimmer',0,NULL,NULL),(12,'glimmered',0,NULL,NULL),(6,'glum',0,NULL,NULL),(11,'happiness',0,NULL,NULL),(11,'happy',0,NULL,NULL),(2,'immediacy',0,NULL,NULL),(9,'importance',0,NULL,NULL),(9,'important',0,NULL,NULL),(12,'indicated',0,NULL,NULL),(12,'indication',0,NULL,NULL),(11,'joy',0,NULL,NULL),(11,'joyful',0,NULL,NULL),(5,'limit',0,NULL,NULL),(10,'linking',0,NULL,NULL),(12,'motion',0,NULL,NULL),(12,'motioned',0,NULL,NULL),(3,'music',0,NULL,NULL),(2,'noticeability',0,NULL,NULL),(2,'numerous times',0,NULL,NULL),(2,'obviousness',0,NULL,NULL),(2,'once',0,NULL,NULL),(1,'ottoman',0,NULL,NULL),(2,'outstatedness',0,NULL,NULL),(2,'overt',0,NULL,NULL),(2,'overtness',0,NULL,NULL),(5,'particular location',0,NULL,NULL),(11,'pleasant',0,NULL,NULL),(11,'pleasing',0,NULL,NULL),(2,'precision',0,NULL,NULL),(8,'proclaim',0,NULL,NULL),(2,'provocative',0,NULL,NULL),(2,'provocatively',0,NULL,NULL),(2,'range',0,NULL,NULL),(2,'repairability',0,NULL,NULL),(12,'rule',0,NULL,NULL),(6,'sad',0,NULL,NULL),(1,'seat',0,NULL,NULL),(1,'shelf',0,NULL,NULL),(12,'sign',0,NULL,NULL),(12,'signal',0,NULL,NULL),(2,'speed',0,NULL,NULL),(8,'state',0,NULL,NULL),(1,'stool',0,NULL,NULL),(3,'story',0,NULL,NULL),(1,'table',0,NULL,NULL),(2,'twice',0,NULL,NULL),(6,'unhappy',0,NULL,NULL),(9,'urgency',0,NULL,NULL),(9,'urgent',0,NULL,NULL),(7,'variation',5,'4',NULL),(4,'vital component',0,NULL,NULL);
/*!40000 ALTER TABLE `objects_aspects_desc2` ENABLE KEYS */;
UNLOCK TABLES;

--
-- Table structure for table `objects_aspects_desc3`
--

DROP TABLE IF EXISTS `objects_aspects_desc3`;
/*!40101 SET @saved_cs_client     = @@character_set_client */;
/*!40101 SET character_set_client = utf8 */;
CREATE TABLE `objects_aspects_desc3` (
  `cs2ID` smallint(6) NOT NULL,
  `Description` varchar(45) NOT NULL,
  `num_Sub_items` smallint(6) NOT NULL,
  `singularNoun` smallint(6) DEFAULT NULL,
  PRIMARY KEY (`Description`)
) ENGINE=InnoDB DEFAULT CHARSET=utf8;
/*!40101 SET character_set_client = @saved_cs_client */;

--
-- Dumping data for table `objects_aspects_desc3`
--

LOCK TABLES `objects_aspects_desc3` WRITE;
/*!40000 ALTER TABLE `objects_aspects_desc3` DISABLE KEYS */;
INSERT INTO `objects_aspects_desc3` VALUES (3,'devious',0,NULL),(3,'different',0,NULL),(3,'distinct',0,NULL),(3,'distinction',0,NULL),(3,'distinctive',0,NULL),(3,'fishy',0,NULL),(4,'lots of different things',0,NULL),(4,'no similarity',0,NULL),(3,'odd',0,NULL),(3,'sneaky',0,NULL),(3,'strange',0,NULL),(3,'suspect',0,NULL),(3,'suspicious',0,NULL),(3,'unknown',0,NULL),(3,'unusual',0,NULL),(4,'variation',0,NULL),(4,'varied',0,NULL),(4,'vary',0,NULL),(3,'weird',0,NULL);
/*!40000 ALTER TABLE `objects_aspects_desc3` ENABLE KEYS */;
UNLOCK TABLES;
/*!40103 SET TIME_ZONE=@OLD_TIME_ZONE */;

/*!40101 SET SQL_MODE=@OLD_SQL_MODE */;
/*!40014 SET FOREIGN_KEY_CHECKS=@OLD_FOREIGN_KEY_CHECKS */;
/*!40014 SET UNIQUE_CHECKS=@OLD_UNIQUE_CHECKS */;
/*!40101 SET CHARACTER_SET_CLIENT=@OLD_CHARACTER_SET_CLIENT */;
/*!40101 SET CHARACTER_SET_RESULTS=@OLD_CHARACTER_SET_RESULTS */;
/*!40101 SET COLLATION_CONNECTION=@OLD_COLLATION_CONNECTION */;
/*!40111 SET SQL_NOTES=@OLD_SQL_NOTES */;

-- Dump completed on 2016-04-29 13:36:29
